adaptation_factor,tp,fp,tn,fn,accuracy,precision,recall,f1_score,fpr,fnr
0.0,314,155,345,86,0.7322222222222222,0.6695095948827292,0.785,0.7226697353279633,0.31,0.215
0.1,304,134,366,96,0.7444444444444445,0.6940639269406392,0.76,0.7255369928400954,0.268,0.24
0.2,305,124,376,95,0.7566666666666667,0.710955710955711,0.7625,0.7358262967430639,0.248,0.2375
0.3,293,116,384,107,0.7522222222222222,0.7163814180929096,0.7325,0.7243510506798517,0.232,0.2675
0.4,274,92,408,126,0.7577777777777778,0.7486338797814208,0.685,0.7154046997389034,0.184,0.315
0.5,288,64,436,112,0.8044444444444444,0.8181818181818182,0.72,0.7659574468085107,0.128,0.28
0.6,249,43,457,151,0.7844444444444445,0.8527397260273972,0.6225,0.7196531791907516,0.086,0.3775
0.8,266,20,480,134,0.8288888888888889,0.9300699300699301,0.665,0.7755102040816327,0.04,0.335
1.0,204,0,500,196,0.7822222222222223,1.0,0.51,0.6754966887417219,0.0,0.49
