scenario,category,noise_type,noise_probability,attack_type,mismatch_rate,security_score,adaptive_threshold,bell_anomaly_score,attack_detected
bit_flip_0.0,normal,bit_flip,0.0,none,0.0,0.002013,0.26,0.006711,False
bit_flip_0.0,normal,bit_flip,0.0,none,0.0,0.004505,0.26,0.015018,False
bit_flip_0.0,normal,bit_flip,0.0,none,0.0,0.003525,0.26,0.011751,False
bit_flip_0.0,normal,bit_flip,0.0,none,0.0,0.000715,0.26,0.002383,False
bit_flip_0.0,normal,bit_flip,0.0,none,0.0,0.004885,0.26,0.016284,False
bit_flip_0.0,normal,bit_flip,0.0,none,0.0,0.004902,0.26,0.016339,False
bit_flip_0.0,normal,bit_flip,0.0,none,0.0,0.008126,0.26,0.027087,False
bit_flip_0.0,normal,bit_flip,0.0,none,0.0,0.003141,0.26,0.01047,False
bit_flip_0.0,normal,bit_flip,0.0,none,0.0,0.002786,0.26,0.009286,False
bit_flip_0.0,normal,bit_flip,0.0,none,0.0,0.003599,0.26,0.011995,False
bit_flip_0.0,normal,bit_flip,0.0,none,0.0,0.004321,0.26,0.014405,False
bit_flip_0.0,normal,bit_flip,0.0,none,0.0,0.002617,0.26,0.008724,False
bit_flip_0.0,normal,bit_flip,0.0,none,0.0,0.005374,0.26,0.017914,False
bit_flip_0.0,normal,bit_flip,0.0,none,0.0,0.002555,0.26,0.008517,False
bit_flip_0.0,normal,bit_flip,0.0,none,0.0,0.002588,0.26,0.008627,False
bit_flip_0.0,normal,bit_flip,0.0,none,0.0,0.004456,0.26,0.014854,False
bit_flip_0.0,normal,bit_flip,0.0,none,0.0,0.004806,0.26,0.01602,False
bit_flip_0.0,normal,bit_flip,0.0,none,0.0,0.00418,0.26,0.013935,False
bit_flip_0.0,normal,bit_flip,0.0,none,0.0,0.005179,0.26,0.017265,False
bit_flip_0.0,normal,bit_flip,0.0,none,0.0,0.005189,0.26,0.017295,False
bit_flip_0.05,normal,bit_flip,0.05,none,0.155273,0.113697,0.32,0.016685,False
bit_flip_0.05,normal,bit_flip,0.05,none,0.076172,0.057462,0.290469,0.013804,False
bit_flip_0.05,normal,bit_flip,0.05,none,0.117188,0.085614,0.306875,0.01194,False
bit_flip_0.05,normal,bit_flip,0.05,none,0.02832,0.021083,0.271328,0.004196,False
bit_flip_0.05,normal,bit_flip,0.05,none,0.073242,0.056103,0.289297,0.016111,False
bit_flip_0.05,normal,bit_flip,0.05,none,0.072266,0.052217,0.288906,0.005435,False
bit_flip_0.05,normal,bit_flip,0.05,none,0.026367,0.024804,0.270547,0.021156,False
bit_flip_0.05,normal,bit_flip,0.05,none,0.089844,0.066212,0.295938,0.011071,False
bit_flip_0.05,normal,bit_flip,0.05,none,0.12793,0.092909,0.311172,0.011193,False
bit_flip_0.05,normal,bit_flip,0.05,none,0.087891,0.066533,0.295156,0.016697,False
bit_flip_0.05,normal,bit_flip,0.05,none,0.114258,0.085531,0.305703,0.018503,False
bit_flip_0.05,normal,bit_flip,0.05,none,0.130859,0.094378,0.312344,0.009255,False
bit_flip_0.05,normal,bit_flip,0.05,none,0.134766,0.101747,0.313906,0.024704,False
bit_flip_0.05,normal,bit_flip,0.05,none,0.151367,0.108724,0.32,0.009225,False
bit_flip_0.05,normal,bit_flip,0.05,none,0.013672,0.015658,0.265469,0.020292,False
bit_flip_0.05,normal,bit_flip,0.05,none,0.068359,0.05065,0.287344,0.009328,False
bit_flip_0.05,normal,bit_flip,0.05,none,0.032227,0.027973,0.272891,0.018047,False
bit_flip_0.05,normal,bit_flip,0.05,none,0.025391,0.024595,0.270156,0.022738,False
bit_flip_0.05,normal,bit_flip,0.05,none,0.081055,0.060953,0.292422,0.014047,False
bit_flip_0.05,normal,bit_flip,0.05,none,0.157227,0.115728,0.32,0.018897,False
bit_flip_0.1,normal,bit_flip,0.1,none,0.152344,0.110072,0.32,0.011436,False
bit_flip_0.1,normal,bit_flip,0.1,none,0.051758,0.036945,0.280703,0.002383,False
bit_flip_0.1,normal,bit_flip,0.1,none,0.243164,0.17783,0.32,0.025384,False
bit_flip_0.1,normal,bit_flip,0.1,none,0.186523,0.132189,0.32,0.005411,False
bit_flip_0.1,normal,bit_flip,0.1,none,0.257812,0.184867,0.32,0.014663,False
bit_flip_0.1,normal,bit_flip,0.1,none,0.251953,0.181382,0.32,0.016718,False
bit_flip_0.1,normal,bit_flip,0.1,none,0.056641,0.041658,0.282656,0.006698,False
bit_flip_0.1,normal,bit_flip,0.1,none,0.259766,0.186756,0.32,0.0164,False
bit_flip_0.1,normal,bit_flip,0.1,none,0.271484,0.193846,0.32,0.01269,False
bit_flip_0.1,normal,bit_flip,0.1,none,0.253906,0.179555,0.32,0.00607,False
bit_flip_0.1,normal,bit_flip,0.1,none,0.253906,0.179947,0.32,0.007376,False
bit_flip_0.1,normal,bit_flip,0.1,none,0.05957,0.043898,0.283828,0.00733,False
bit_flip_0.1,normal,bit_flip,0.1,none,0.131836,0.097998,0.312734,0.019042,False
bit_flip_0.1,normal,bit_flip,0.1,none,0.144531,0.107026,0.317812,0.019513,False
bit_flip_0.1,normal,bit_flip,0.1,none,0.267578,0.193749,0.32,0.021482,False
bit_flip_0.1,normal,bit_flip,0.1,none,0.1875,0.137835,0.32,0.02195,False
bit_flip_0.1,normal,bit_flip,0.1,none,0.251953,0.177989,0.32,0.005405,False
bit_flip_0.1,normal,bit_flip,0.1,none,0.200195,0.14636,0.32,0.020745,False
bit_flip_0.1,normal,bit_flip,0.1,none,0.056641,0.042447,0.282656,0.009328,False
bit_flip_0.1,normal,bit_flip,0.1,none,0.049805,0.040609,0.279922,0.019153,False
bit_flip_0.15,normal,bit_flip,0.15,none,0.208984,0.149278,0.32,0.009963,False
bit_flip_0.15,normal,bit_flip,0.15,none,0.28125,0.202939,0.32,0.020213,False
bit_flip_0.15,normal,bit_flip,0.15,none,0.208984,0.149678,0.32,0.011299,False
bit_flip_0.15,normal,bit_flip,0.15,none,0.203125,0.144201,0.32,0.006711,False
bit_flip_0.15,normal,bit_flip,0.15,none,0.188477,0.139488,0.32,0.025179,False
bit_flip_0.15,normal,bit_flip,0.15,none,0.077148,0.058695,0.290859,0.015638,False
bit_flip_0.15,normal,bit_flip,0.15,none,0.077148,0.056786,0.290859,0.009274,False
bit_flip_0.15,normal,bit_flip,0.15,none,0.194336,0.139999,0.32,0.013212,False
bit_flip_0.15,normal,bit_flip,0.15,none,0.328125,0.235911,0.32,0.020745,False
bit_flip_0.15,normal,bit_flip,0.15,none,0.338867,0.240932,0.32,0.012416,False
bit_flip_0.15,normal,bit_flip,0.15,none,0.268555,0.190562,0.32,0.008578,False
bit_flip_0.15,normal,bit_flip,0.15,none,0.087891,0.065719,0.295156,0.013983,False
bit_flip_0.15,normal,bit_flip,0.15,none,0.200195,0.143183,0.32,0.010155,False
bit_flip_0.15,normal,bit_flip,0.15,none,0.076172,0.057078,0.290469,0.012526,False
bit_flip_0.15,normal,bit_flip,0.15,none,0.066406,0.051699,0.286562,0.017383,False
bit_flip_0.15,normal,bit_flip,0.15,none,0.200195,0.145836,0.32,0.018998,False
bit_flip_0.15,normal,bit_flip,0.15,none,0.266602,0.192035,0.32,0.018047,False
bit_flip_0.15,normal,bit_flip,0.15,none,0.329102,0.233742,0.32,0.011235,False
bit_flip_0.15,normal,bit_flip,0.15,none,0.068359,0.053175,0.287344,0.017746,False
bit_flip_0.15,normal,bit_flip,0.15,none,0.358398,0.257609,0.32,0.022433,False
bit_flip_0.2,normal,bit_flip,0.2,none,0.348633,0.245851,0.32,0.006027,False
bit_flip_0.2,normal,bit_flip,0.2,none,0.40918,0.291935,0.32,0.018362,False
bit_flip_0.2,normal,bit_flip,0.2,none,0.308594,0.218219,0.32,0.007345,False
bit_flip_0.2,normal,bit_flip,0.2,none,0.095703,0.078049,0.298281,0.036857,False
bit_flip_0.2,normal,bit_flip,0.2,none,0.317383,0.225334,0.32,0.010552,False
bit_flip_0.2,normal,bit_flip,0.2,none,0.387695,0.275891,0.32,0.015015,False
bit_flip_0.2,normal,bit_flip,0.2,none,0.330078,0.233445,0.32,0.007968,False
bit_flip_0.2,normal,bit_flip,0.2,none,0.251953,0.18056,0.32,0.013977,False
bit_flip_0.2,normal,bit_flip,0.2,none,0.355469,0.251386,0.32,0.008526,False
bit_flip_0.2,normal,bit_flip,0.2,none,0.375,0.267268,0.32,0.015893,False
bit_flip_0.2,normal,bit_flip,0.2,none,0.094727,0.071122,0.297891,0.016044,False
bit_flip_0.2,normal,bit_flip,0.2,none,0.428711,0.302477,0.32,0.007931,False
bit_flip_0.2,normal,bit_flip,0.2,none,0.426758,0.305017,0.32,0.020956,False
bit_flip_0.2,normal,bit_flip,0.2,none,0.376953,0.268402,0.32,0.015116,False
bit_flip_0.2,normal,bit_flip,0.2,none,0.322266,0.229551,0.32,0.013215,False
bit_flip_0.2,normal,bit_flip,0.2,none,0.354492,0.255965,0.32,0.026069,False
bit_flip_0.2,normal,bit_flip,0.2,none,0.104492,0.075707,0.301797,0.008542,False
bit_flip_0.2,normal,bit_flip,0.2,none,0.09082,0.068395,0.296328,0.016069,False
bit_flip_0.2,normal,bit_flip,0.2,none,0.352539,0.251969,0.32,0.017307,False
bit_flip_0.2,normal,bit_flip,0.2,none,0.112305,0.080627,0.304922,0.006711,False
phase_flip_0.0,normal,phase_flip,0.0,none,0.0,0.005393,0.26,0.017978,False
phase_flip_0.0,normal,phase_flip,0.0,none,0.0,0.00458,0.26,0.015267,False
phase_flip_0.0,normal,phase_flip,0.0,none,0.0,0.005876,0.26,0.019585,False
phase_flip_0.0,normal,phase_flip,0.0,none,0.0,0.003846,0.26,0.01282,False
phase_flip_0.0,normal,phase_flip,0.0,none,0.0,0.002956,0.26,0.009854,False
phase_flip_0.0,normal,phase_flip,0.0,none,0.0,0.003372,0.26,0.011241,False
phase_flip_0.0,normal,phase_flip,0.0,none,0.0,0.002946,0.26,0.00982,False
phase_flip_0.0,normal,phase_flip,0.0,none,0.0,0.005419,0.26,0.018063,False
phase_flip_0.0,normal,phase_flip,0.0,none,0.0,0.002788,0.26,0.009295,False
phase_flip_0.0,normal,phase_flip,0.0,none,0.0,0.005118,0.26,0.017059,False
phase_flip_0.0,normal,phase_flip,0.0,none,0.0,0.002974,0.26,0.009914,False
phase_flip_0.0,normal,phase_flip,0.0,none,0.0,0.003565,0.26,0.011885,False
phase_flip_0.0,normal,phase_flip,0.0,none,0.0,0.003379,0.26,0.011263,False
phase_flip_0.0,normal,phase_flip,0.0,none,0.0,0.004163,0.26,0.013877,False
phase_flip_0.0,normal,phase_flip,0.0,none,0.0,0.002011,0.26,0.006705,False
phase_flip_0.0,normal,phase_flip,0.0,none,0.0,0.00488,0.26,0.016266,False
phase_flip_0.0,normal,phase_flip,0.0,none,0.0,0.003225,0.26,0.01075,False
phase_flip_0.0,normal,phase_flip,0.0,none,0.0,0.007032,0.26,0.023439,False
phase_flip_0.0,normal,phase_flip,0.0,none,0.0,0.005287,0.26,0.017622,False
phase_flip_0.0,normal,phase_flip,0.0,none,0.0,0.003775,0.26,0.012584,False
phase_flip_0.05,normal,phase_flip,0.05,none,0.097656,0.074497,0.299062,0.020458,False
phase_flip_0.05,normal,phase_flip,0.05,none,0.105469,0.076028,0.302188,0.007333,False
phase_flip_0.05,normal,phase_flip,0.05,none,0.107422,0.079537,0.302969,0.014472,False
phase_flip_0.05,normal,phase_flip,0.05,none,0.0,0.000895,0.26,0.002985,False
phase_flip_0.05,normal,phase_flip,0.05,none,0.109375,0.078769,0.30375,0.007354,False
phase_flip_0.05,normal,phase_flip,0.05,none,0.114258,0.086935,0.305703,0.023182,False
phase_flip_0.05,normal,phase_flip,0.05,none,0.125977,0.09395,0.310391,0.019219,False
phase_flip_0.05,normal,phase_flip,0.05,none,0.117188,0.08637,0.306875,0.01446,False
phase_flip_0.05,normal,phase_flip,0.05,none,0.116211,0.086848,0.306484,0.018333,False
phase_flip_0.05,normal,phase_flip,0.05,none,0.105469,0.07799,0.302188,0.013874,False
phase_flip_0.05,normal,phase_flip,0.05,none,0.130859,0.095211,0.312344,0.012031,False
phase_flip_0.05,normal,phase_flip,0.05,none,0.115234,0.083482,0.306094,0.009395,False
phase_flip_0.05,normal,phase_flip,0.05,none,0.125,0.092087,0.31,0.015289,False
phase_flip_0.05,normal,phase_flip,0.05,none,0.121094,0.087533,0.308438,0.009225,False
phase_flip_0.05,normal,phase_flip,0.05,none,0.12207,0.092795,0.308828,0.024487,False
phase_flip_0.05,normal,phase_flip,0.05,none,0.114258,0.08625,0.305703,0.020899,False
phase_flip_0.05,normal,phase_flip,0.05,none,0.112305,0.082196,0.304922,0.01194,False
phase_flip_0.05,normal,phase_flip,0.05,none,0.0,0.007307,0.26,0.024356,False
phase_flip_0.05,normal,phase_flip,0.05,none,0.118164,0.085695,0.307266,0.009933,False
phase_flip_0.05,normal,phase_flip,0.05,none,0.0,0.003569,0.26,0.011897,False
phase_flip_0.1,normal,phase_flip,0.1,none,0.0,0.001436,0.26,0.004788,False
phase_flip_0.1,normal,phase_flip,0.1,none,0.188477,0.135546,0.32,0.01204,False
phase_flip_0.1,normal,phase_flip,0.1,none,0.199219,0.147936,0.32,0.028277,False
phase_flip_0.1,normal,phase_flip,0.1,none,0.0,0.004902,0.26,0.016339,False
phase_flip_0.1,normal,phase_flip,0.1,none,0.0,0.005149,0.26,0.017162,False
phase_flip_0.1,normal,phase_flip,0.1,none,0.199219,0.14636,0.32,0.023022,False
phase_flip_0.1,normal,phase_flip,0.1,none,0.0,0.003379,0.26,0.011263,False
phase_flip_0.1,normal,phase_flip,0.1,none,0.0,0.002399,0.26,0.007998,False
phase_flip_0.1,normal,phase_flip,0.1,none,0.0,0.003793,0.26,0.012644,False
phase_flip_0.1,normal,phase_flip,0.1,none,0.214844,0.155896,0.32,0.018352,False
phase_flip_0.1,normal,phase_flip,0.1,none,0.217773,0.155249,0.32,0.009359,False
phase_flip_0.1,normal,phase_flip,0.1,none,0.0,0.003157,0.26,0.010525,False
phase_flip_0.1,normal,phase_flip,0.1,none,0.220703,0.157278,0.32,0.009286,False
phase_flip_0.1,normal,phase_flip,0.1,none,0.21875,0.157548,0.32,0.014745,False
phase_flip_0.1,normal,phase_flip,0.1,none,0.0,0.002939,0.26,0.009796,False
phase_flip_0.1,normal,phase_flip,0.1,none,0.228516,0.161227,0.32,0.004221,False
phase_flip_0.1,normal,phase_flip,0.1,none,0.216797,0.152836,0.32,0.003595,False
phase_flip_0.1,normal,phase_flip,0.1,none,0.220703,0.160777,0.32,0.02095,False
phase_flip_0.1,normal,phase_flip,0.1,none,0.206055,0.148476,0.32,0.014126,False
phase_flip_0.1,normal,phase_flip,0.1,none,0.0,0.006123,0.26,0.020409,False
phase_flip_0.15,normal,phase_flip,0.15,none,0.291992,0.20839,0.32,0.013318,False
phase_flip_0.15,normal,phase_flip,0.15,none,0.288086,0.204451,0.32,0.009304,False
phase_flip_0.15,normal,phase_flip,0.15,none,0.268555,0.190198,0.32,0.007364,False
phase_flip_0.15,normal,phase_flip,0.15,none,0.270508,0.193784,0.32,0.01476,False
phase_flip_0.15,normal,phase_flip,0.15,none,0.0,0.007265,0.26,0.024218,False
phase_flip_0.15,normal,phase_flip,0.15,none,0.0,0.004888,0.26,0.016294,False
phase_flip_0.15,normal,phase_flip,0.15,none,0.0,0.006722,0.26,0.022406,False
phase_flip_0.15,normal,phase_flip,0.15,none,0.0,0.005876,0.26,0.019585,False
phase_flip_0.15,normal,phase_flip,0.15,none,0.291992,0.211755,0.32,0.024535,False
phase_flip_0.15,normal,phase_flip,0.15,none,0.293945,0.208152,0.32,0.007968,False
phase_flip_0.15,normal,phase_flip,0.15,none,0.0,0.004374,0.26,0.014581,False
phase_flip_0.15,normal,phase_flip,0.15,none,0.280273,0.199443,0.32,0.010841,False
phase_flip_0.15,normal,phase_flip,0.15,none,0.0,0.001636,0.26,0.005453,False
phase_flip_0.15,normal,phase_flip,0.15,none,0.0,0.002222,0.26,0.007406,False
phase_flip_0.15,normal,phase_flip,0.15,none,0.297852,0.214116,0.32,0.018733,False
phase_flip_0.15,normal,phase_flip,0.15,none,0.0,0.003795,0.26,0.01265,False
phase_flip_0.15,normal,phase_flip,0.15,none,0.317383,0.226679,0.32,0.015037,False
phase_flip_0.15,normal,phase_flip,0.15,none,0.262695,0.188984,0.32,0.016992,False
phase_flip_0.15,normal,phase_flip,0.15,none,0.289062,0.208472,0.32,0.020428,False
phase_flip_0.15,normal,phase_flip,0.15,none,0.289062,0.210277,0.32,0.026447,False
phase_flip_0.2,normal,phase_flip,0.2,none,0.353516,0.250439,0.32,0.009927,False
phase_flip_0.2,normal,phase_flip,0.2,none,0.381836,0.27197,0.32,0.015616,False
phase_flip_0.2,normal,phase_flip,0.2,none,0.0,0.007837,0.26,0.026124,False
phase_flip_0.2,normal,phase_flip,0.2,none,0.0,0.003397,0.26,0.011324,False
phase_flip_0.2,normal,phase_flip,0.2,none,0.355469,0.25274,0.32,0.013039,False
phase_flip_0.2,normal,phase_flip,0.2,none,0.0,0.003752,0.26,0.012505,False
phase_flip_0.2,normal,phase_flip,0.2,none,0.0,0.005837,0.26,0.019458,False
phase_flip_0.2,normal,phase_flip,0.2,none,0.370117,0.263182,0.32,0.013667,False
phase_flip_0.2,normal,phase_flip,0.2,none,0.348633,0.253463,0.32,0.031401,False
phase_flip_0.2,normal,phase_flip,0.2,none,0.374023,0.265748,0.32,0.013106,False
phase_flip_0.2,normal,phase_flip,0.2,none,0.371094,0.263743,0.32,0.013258,False
phase_flip_0.2,normal,phase_flip,0.2,none,0.358398,0.256868,0.32,0.019966,False
phase_flip_0.2,normal,phase_flip,0.2,none,0.0,0.003577,0.26,0.011922,False
phase_flip_0.2,normal,phase_flip,0.2,none,0.0,0.004155,0.26,0.01385,False
phase_flip_0.2,normal,phase_flip,0.2,none,0.373047,0.269173,0.32,0.0268,False
phase_flip_0.2,normal,phase_flip,0.2,none,0.0,0.005713,0.26,0.019042,False
phase_flip_0.2,normal,phase_flip,0.2,none,0.365234,0.257472,0.32,0.006027,False
phase_flip_0.2,normal,phase_flip,0.2,none,0.359375,0.252827,0.32,0.004214,False
phase_flip_0.2,normal,phase_flip,0.2,none,0.364258,0.261489,0.32,0.021696,False
phase_flip_0.2,normal,phase_flip,0.2,none,0.0,0.003832,0.26,0.012775,False
depolarizing_0.0,normal,depolarizing,0.0,none,0.0,0.002969,0.26,0.009896,False
depolarizing_0.0,normal,depolarizing,0.0,none,0.0,0.005136,0.26,0.017119,False
depolarizing_0.0,normal,depolarizing,0.0,none,0.0,0.001835,0.26,0.006116,False
depolarizing_0.0,normal,depolarizing,0.0,none,0.0,0.008955,0.26,0.02985,False
depolarizing_0.0,normal,depolarizing,0.0,none,0.0,0.005468,0.26,0.018226,False
depolarizing_0.0,normal,depolarizing,0.0,none,0.0,0.006705,0.26,0.022351,False
depolarizing_0.0,normal,depolarizing,0.0,none,0.0,0.003721,0.26,0.012404,False
depolarizing_0.0,normal,depolarizing,0.0,none,0.0,0.00317,0.26,0.010567,False
depolarizing_0.0,normal,depolarizing,0.0,none,0.0,0.004376,0.26,0.014587,False
depolarizing_0.0,normal,depolarizing,0.0,none,0.0,0.004646,0.26,0.015486,False
depolarizing_0.0,normal,depolarizing,0.0,none,0.0,0.002002,0.26,0.006674,False
depolarizing_0.0,normal,depolarizing,0.0,none,0.0,0.007978,0.26,0.026592,False
depolarizing_0.0,normal,depolarizing,0.0,none,0.0,0.004781,0.26,0.015935,False
depolarizing_0.0,normal,depolarizing,0.0,none,0.0,0.006928,0.26,0.023094,False
depolarizing_0.0,normal,depolarizing,0.0,none,0.0,0.001642,0.26,0.005475,False
depolarizing_0.0,normal,depolarizing,0.0,none,0.0,0.008695,0.26,0.028983,False
depolarizing_0.0,normal,depolarizing,0.0,none,0.0,0.005549,0.26,0.018495,False
depolarizing_0.0,normal,depolarizing,0.0,none,0.0,0.00163,0.26,0.005435,False
depolarizing_0.0,normal,depolarizing,0.0,none,0.0,0.00336,0.26,0.011199,False
depolarizing_0.0,normal,depolarizing,0.0,none,0.0,0.004387,0.26,0.014624,False
depolarizing_0.05,normal,depolarizing,0.05,none,0.133789,0.097454,0.313516,0.012672,False
depolarizing_0.05,normal,depolarizing,0.05,none,0.124023,0.09036,0.309609,0.011812,False
depolarizing_0.05,normal,depolarizing,0.05,none,0.104492,0.077314,0.301797,0.013898,False
depolarizing_0.05,normal,depolarizing,0.05,none,0.010742,0.013717,0.264297,0.02066,False
depolarizing_0.05,normal,depolarizing,0.05,none,0.12207,0.090115,0.308828,0.015552,False
depolarizing_0.05,normal,depolarizing,0.05,none,0.12793,0.090817,0.311172,0.004221,False
depolarizing_0.05,normal,depolarizing,0.05,none,0.117188,0.085399,0.306875,0.011226,False
depolarizing_0.05,normal,depolarizing,0.05,none,0.050781,0.039622,0.280312,0.013585,False
depolarizing_0.05,normal,depolarizing,0.05,none,0.040039,0.034119,0.276016,0.020307,False
depolarizing_0.05,normal,depolarizing,0.05,none,0.008789,0.009971,0.263516,0.012729,False
depolarizing_0.05,normal,depolarizing,0.05,none,0.036133,0.029252,0.274453,0.013197,False
depolarizing_0.05,normal,depolarizing,0.05,none,0.036133,0.029478,0.274453,0.01395,False
depolarizing_0.05,normal,depolarizing,0.05,none,0.140625,0.103881,0.31625,0.018144,False
depolarizing_0.05,normal,depolarizing,0.05,none,0.037109,0.028744,0.274844,0.009225,False
depolarizing_0.05,normal,depolarizing,0.05,none,0.035156,0.026831,0.274062,0.007406,False
depolarizing_0.05,normal,depolarizing,0.05,none,0.113281,0.085368,0.305312,0.020238,False
depolarizing_0.05,normal,depolarizing,0.05,none,0.037109,0.033076,0.274844,0.023665,False
depolarizing_0.05,normal,depolarizing,0.05,none,0.040039,0.031408,0.276016,0.011269,False
depolarizing_0.05,normal,depolarizing,0.05,none,0.013672,0.01065,0.265469,0.003598,False
depolarizing_0.05,normal,depolarizing,0.05,none,0.15332,0.111647,0.32,0.014411,False
depolarizing_0.1,normal,depolarizing,0.1,none,0.227539,0.161471,0.32,0.007312,False
depolarizing_0.1,normal,depolarizing,0.1,none,0.212891,0.155661,0.32,0.022125,False
depolarizing_0.1,normal,depolarizing,0.1,none,0.071289,0.052688,0.288516,0.009286,False
depolarizing_0.1,normal,depolarizing,0.1,none,0.273438,0.194777,0.32,0.011235,False
depolarizing_0.1,normal,depolarizing,0.1,none,0.254883,0.186709,0.32,0.027637,False
depolarizing_0.1,normal,depolarizing,0.1,none,0.018555,0.01756,0.267422,0.01524,False
depolarizing_0.1,normal,depolarizing,0.1,none,0.076172,0.058648,0.290469,0.01776,False
depolarizing_0.1,normal,depolarizing,0.1,none,0.03418,0.029305,0.273672,0.017929,False
depolarizing_0.1,normal,depolarizing,0.1,none,0.208008,0.15144,0.32,0.019449,False
depolarizing_0.1,normal,depolarizing,0.1,none,0.213867,0.156535,0.32,0.022762,False
depolarizing_0.1,normal,depolarizing,0.1,none,0.029297,0.027025,0.271719,0.021723,False
depolarizing_0.1,normal,depolarizing,0.1,none,0.244141,0.176718,0.32,0.019398,False
depolarizing_0.1,normal,depolarizing,0.1,none,0.203125,0.147236,0.32,0.01683,False
depolarizing_0.1,normal,depolarizing,0.1,none,0.19043,0.135693,0.32,0.007974,False
depolarizing_0.1,normal,depolarizing,0.1,none,0.232422,0.167992,0.32,0.017654,False
depolarizing_0.1,normal,depolarizing,0.1,none,0.195312,0.140717,0.32,0.01333,False
depolarizing_0.1,normal,depolarizing,0.1,none,0.072266,0.051666,0.288906,0.003598,False
depolarizing_0.1,normal,depolarizing,0.1,none,0.024414,0.022386,0.269766,0.017654,False
depolarizing_0.1,normal,depolarizing,0.1,none,0.263672,0.18619,0.32,0.005399,False
depolarizing_0.1,normal,depolarizing,0.1,none,0.225586,0.161443,0.32,0.011776,False
depolarizing_0.15,normal,depolarizing,0.15,none,0.03125,0.02643,0.2725,0.015185,False
depolarizing_0.15,normal,depolarizing,0.15,none,0.220703,0.158228,0.32,0.012453,False
depolarizing_0.15,normal,depolarizing,0.15,none,0.30957,0.224254,0.32,0.025185,False
depolarizing_0.15,normal,depolarizing,0.15,none,0.035156,0.029437,0.274062,0.016093,False
depolarizing_0.15,normal,depolarizing,0.15,none,0.297852,0.210695,0.32,0.00733,False
depolarizing_0.15,normal,depolarizing,0.15,none,0.274414,0.19335,0.32,0.004202,False
depolarizing_0.15,normal,depolarizing,0.15,none,0.304688,0.218586,0.32,0.017682,False
depolarizing_0.15,normal,depolarizing,0.15,none,0.114258,0.086365,0.305703,0.021283,False
depolarizing_0.15,normal,depolarizing,0.15,none,0.314453,0.224018,0.32,0.013002,False
depolarizing_0.15,normal,depolarizing,0.15,none,0.108398,0.07826,0.303359,0.007937,False
depolarizing_0.15,normal,depolarizing,0.15,none,0.28418,0.202239,0.32,0.011044,False
depolarizing_0.15,normal,depolarizing,0.15,none,0.335938,0.239327,0.32,0.013901,False
depolarizing_0.15,normal,depolarizing,0.15,none,0.318359,0.228866,0.32,0.02005,False
depolarizing_0.15,normal,depolarizing,0.15,none,0.097656,0.07232,0.299062,0.013203,False
depolarizing_0.15,normal,depolarizing,0.15,none,0.110352,0.081979,0.304141,0.015777,False
depolarizing_0.15,normal,depolarizing,0.15,none,0.303711,0.218384,0.32,0.019289,False
depolarizing_0.15,normal,depolarizing,0.15,none,0.293945,0.209151,0.32,0.011299,False
depolarizing_0.15,normal,depolarizing,0.15,none,0.268555,0.191884,0.32,0.012984,False
depolarizing_0.15,normal,depolarizing,0.15,none,0.334961,0.238434,0.32,0.013203,False
depolarizing_0.15,normal,depolarizing,0.15,none,0.121094,0.089402,0.308438,0.015455,False
depolarizing_0.2,normal,depolarizing,0.2,none,0.339844,0.239534,0.32,0.005478,False
depolarizing_0.2,normal,depolarizing,0.2,none,0.308594,0.217851,0.32,0.006116,False
depolarizing_0.2,normal,depolarizing,0.2,none,0.15332,0.115599,0.32,0.027584,False
depolarizing_0.2,normal,depolarizing,0.2,none,0.052734,0.039894,0.281094,0.009933,False
depolarizing_0.2,normal,depolarizing,0.2,none,0.321289,0.234632,0.32,0.032433,False
depolarizing_0.2,normal,depolarizing,0.2,none,0.378906,0.268796,0.32,0.011873,False
depolarizing_0.2,normal,depolarizing,0.2,none,0.115234,0.084866,0.306094,0.014007,False
depolarizing_0.2,normal,depolarizing,0.2,none,0.397461,0.28146,0.32,0.010792,False
depolarizing_0.2,normal,depolarizing,0.2,none,0.317383,0.228112,0.32,0.019814,False
depolarizing_0.2,normal,depolarizing,0.2,none,0.378906,0.268019,0.32,0.009283,False
depolarizing_0.2,normal,depolarizing,0.2,none,0.043945,0.031475,0.277578,0.002377,False
depolarizing_0.2,normal,depolarizing,0.2,none,0.368164,0.261904,0.32,0.013965,False
depolarizing_0.2,normal,depolarizing,0.2,none,0.351562,0.250455,0.32,0.014539,False
depolarizing_0.2,normal,depolarizing,0.2,none,0.387695,0.273961,0.32,0.008581,False
depolarizing_0.2,normal,depolarizing,0.2,none,0.129883,0.096165,0.311953,0.017489,False
depolarizing_0.2,normal,depolarizing,0.2,none,0.361328,0.258301,0.32,0.017905,False
depolarizing_0.2,normal,depolarizing,0.2,none,0.345703,0.246908,0.32,0.016388,False
depolarizing_0.2,normal,depolarizing,0.2,none,0.404297,0.287381,0.32,0.014578,False
depolarizing_0.2,normal,depolarizing,0.2,none,0.355469,0.250461,0.32,0.005441,False
depolarizing_0.2,normal,depolarizing,0.2,none,0.130859,0.095988,0.312344,0.014624,False
readout_0.0,normal,readout,0.0,none,0.0,0.002945,0.26,0.009817,False
readout_0.0,normal,readout,0.0,none,0.0,0.002997,0.26,0.009991,False
readout_0.0,normal,readout,0.0,none,0.0,0.008082,0.26,0.026941,False
readout_0.0,normal,readout,0.0,none,0.0,0.000893,0.26,0.002975,False
readout_0.0,normal,readout,0.0,none,0.0,0.00108,0.26,0.003601,False
readout_0.0,normal,readout,0.0,none,0.0,0.004005,0.26,0.013349,False
readout_0.0,normal,readout,0.0,none,0.0,0.002573,0.26,0.008578,False
readout_0.0,normal,readout,0.0,none,0.0,0.004924,0.26,0.016412,False
readout_0.0,normal,readout,0.0,none,0.0,0.00297,0.26,0.009899,False
readout_0.0,normal,readout,0.0,none,0.0,0.000714,0.26,0.00238,False
readout_0.0,normal,readout,0.0,none,0.0,0.006439,0.26,0.021464,False
readout_0.0,normal,readout,0.0,none,0.0,0.001642,0.26,0.005475,False
readout_0.0,normal,readout,0.0,none,0.0,0.004541,0.26,0.015137,False
readout_0.0,normal,readout,0.0,none,0.0,0.00473,0.26,0.015765,False
readout_0.0,normal,readout,0.0,none,0.0,0.004224,0.26,0.01408,False
readout_0.0,normal,readout,0.0,none,0.0,0.001079,0.26,0.003595,False
readout_0.0,normal,readout,0.0,none,0.0,0.007168,0.26,0.023892,False
readout_0.0,normal,readout,0.0,none,0.0,0.005432,0.26,0.018108,False
readout_0.0,normal,readout,0.0,none,0.0,0.005649,0.26,0.01883,False
readout_0.0,normal,readout,0.0,none,0.0,0.003145,0.26,0.010482,False
readout_0.05,normal,readout,0.05,none,0.081055,0.060449,0.292422,0.012368,False
readout_0.05,normal,readout,0.05,none,0.09375,0.067441,0.2975,0.006052,False
readout_0.05,normal,readout,0.05,none,0.139648,0.101127,0.315859,0.011245,False
readout_0.05,normal,readout,0.05,none,0.103516,0.080189,0.301406,0.02576,False
readout_0.05,normal,readout,0.05,none,0.113281,0.084293,0.305312,0.016654,False
readout_0.05,normal,readout,0.05,none,0.131836,0.09644,0.312734,0.01385,False
readout_0.05,normal,readout,0.05,none,0.09668,0.069303,0.298672,0.005423,False
readout_0.05,normal,readout,0.05,none,0.080078,0.058073,0.292031,0.006729,False
readout_0.05,normal,readout,0.05,none,0.100586,0.070944,0.300234,0.001779,False
readout_0.05,normal,readout,0.05,none,0.131836,0.09586,0.312734,0.011916,False
readout_0.05,normal,readout,0.05,none,0.133789,0.098832,0.313516,0.017265,False
readout_0.05,normal,readout,0.05,none,0.095703,0.071295,0.298281,0.014344,False
readout_0.05,normal,readout,0.05,none,0.082031,0.0648,0.292812,0.024593,False
readout_0.05,normal,readout,0.05,none,0.100586,0.073588,0.300234,0.010592,False
readout_0.05,normal,readout,0.05,none,0.102539,0.076806,0.301016,0.016761,False
readout_0.05,normal,readout,0.05,none,0.147461,0.107597,0.318984,0.014581,False
readout_0.05,normal,readout,0.05,none,0.09082,0.069138,0.296328,0.018546,False
readout_0.05,normal,readout,0.05,none,0.099609,0.073309,0.299844,0.011943,False
readout_0.05,normal,readout,0.05,none,0.087891,0.065086,0.295156,0.011873,False
readout_0.05,normal,readout,0.05,none,0.125977,0.093017,0.310391,0.016111,False
readout_0.1,normal,readout,0.1,none,0.241211,0.173998,0.32,0.017168,False
readout_0.1,normal,readout,0.1,none,0.176758,0.134269,0.32,0.035129,False
readout_0.1,normal,readout,0.1,none,0.204102,0.147697,0.32,0.016087,False
readout_0.1,normal,readout,0.1,none,0.230469,0.167858,0.32,0.021766,False
readout_0.1,normal,readout,0.1,none,0.196289,0.141177,0.32,0.012584,False
readout_0.1,normal,readout,0.1,none,0.198242,0.147027,0.32,0.027526,False
readout_0.1,normal,readout,0.1,none,0.231445,0.166843,0.32,0.016105,False
readout_0.1,normal,readout,0.1,none,0.181641,0.131519,0.32,0.014566,False
readout_0.1,normal,readout,0.1,none,0.24707,0.179024,0.32,0.02025,False
readout_0.1,normal,readout,0.1,none,0.202148,0.146222,0.32,0.015729,False
readout_0.1,normal,readout,0.1,none,0.256836,0.182362,0.32,0.00859,False
readout_0.1,normal,readout,0.1,none,0.237305,0.168899,0.32,0.009286,False
readout_0.1,normal,readout,0.1,none,0.245117,0.175559,0.32,0.013258,False
readout_0.1,normal,readout,0.1,none,0.234375,0.16726,0.32,0.010659,False
readout_0.1,normal,readout,0.1,none,0.176758,0.127109,0.32,0.011263,False
readout_0.1,normal,readout,0.1,none,0.185547,0.13399,0.32,0.013689,False
readout_0.1,normal,readout,0.1,none,0.251953,0.181451,0.32,0.016945,False
readout_0.1,normal,readout,0.1,none,0.245117,0.175171,0.32,0.011964,False
readout_0.1,normal,readout,0.1,none,0.19043,0.138803,0.32,0.01834,False
readout_0.1,normal,readout,0.1,none,0.180664,0.129854,0.32,0.011299,False
readout_0.15,normal,readout,0.15,none,0.248047,0.177572,0.32,0.01313,False
readout_0.15,normal,readout,0.15,none,0.239258,0.173845,0.32,0.021216,False
readout_0.15,normal,readout,0.15,none,0.341797,0.240154,0.32,0.002988,False
readout_0.15,normal,readout,0.15,none,0.249023,0.176524,0.32,0.007361,False
readout_0.15,normal,readout,0.15,none,0.230469,0.163559,0.32,0.007437,False
readout_0.15,normal,readout,0.15,none,0.31543,0.22339,0.32,0.00863,False
readout_0.15,normal,readout,0.15,none,0.288086,0.202553,0.32,0.002975,False
readout_0.15,normal,readout,0.15,none,0.268555,0.190805,0.32,0.009389,False
readout_0.15,normal,readout,0.15,none,0.254883,0.184564,0.32,0.020485,False
readout_0.15,normal,readout,0.15,none,0.336914,0.24215,0.32,0.021035,False
readout_0.15,normal,readout,0.15,none,0.287109,0.205492,0.32,0.015052,False
readout_0.15,normal,readout,0.15,none,0.319336,0.225347,0.32,0.006039,False
readout_0.15,normal,readout,0.15,none,0.304688,0.221705,0.32,0.028079,False
readout_0.15,normal,readout,0.15,none,0.329102,0.23571,0.32,0.017796,False
readout_0.15,normal,readout,0.15,none,0.354492,0.252894,0.32,0.015832,False
readout_0.15,normal,readout,0.15,none,0.250977,0.179438,0.32,0.012514,False
readout_0.15,normal,readout,0.15,none,0.314453,0.225637,0.32,0.018401,False
readout_0.15,normal,readout,0.15,none,0.264648,0.186333,0.32,0.003598,False
readout_0.15,normal,readout,0.15,none,0.269531,0.191993,0.32,0.011071,False
readout_0.15,normal,readout,0.15,none,0.260742,0.184948,0.32,0.008096,False
readout_0.2,normal,readout,0.2,none,0.397461,0.285898,0.32,0.025586,False
readout_0.2,normal,readout,0.2,none,0.320312,0.232267,0.32,0.02683,False
readout_0.2,normal,readout,0.2,none,0.37793,0.268935,0.32,0.014615,False
readout_0.2,normal,readout,0.2,none,0.397461,0.281008,0.32,0.009286,False
readout_0.2,normal,readout,0.2,none,0.37793,0.26989,0.32,0.017796,False
readout_0.2,normal,readout,0.2,none,0.322266,0.230189,0.32,0.015343,False
readout_0.2,normal,readout,0.2,none,0.379883,0.272024,0.32,0.020352,False
readout_0.2,normal,readout,0.2,none,0.331055,0.239994,0.32,0.027517,False
readout_0.2,normal,readout,0.2,none,0.328125,0.235773,0.32,0.020286,False
readout_0.2,normal,readout,0.2,none,0.336914,0.239189,0.32,0.011165,False
readout_0.2,normal,readout,0.2,none,0.341797,0.243566,0.32,0.014362,False
readout_0.2,normal,readout,0.2,none,0.317383,0.22538,0.32,0.010707,False
readout_0.2,normal,readout,0.2,none,0.369141,0.260965,0.32,0.008554,False
readout_0.2,normal,readout,0.2,none,0.395508,0.279062,0.32,0.007354,False
readout_0.2,normal,readout,0.2,none,0.308594,0.223384,0.32,0.024561,False
readout_0.2,normal,readout,0.2,none,0.40332,0.285906,0.32,0.01194,False
readout_0.2,normal,readout,0.2,none,0.308594,0.220354,0.32,0.01446,False
readout_0.2,normal,readout,0.2,none,0.393555,0.278676,0.32,0.010625,False
readout_0.2,normal,readout,0.2,none,0.316406,0.229151,0.32,0.025556,False
readout_0.2,normal,readout,0.2,none,0.336914,0.24276,0.32,0.023068,False
pauli_x,attack,bit_phase_flip,0.05,pauli_x,0.919922,0.649484,0.32,0.018461,True
pauli_x,attack,readout,0.2,pauli_x,0.338867,0.244701,0.32,0.024979,False
pauli_x,attack,depolarizing,0.2,pauli_x,0.84668,0.593941,0.32,0.004217,True
pauli_x,attack,readout,0.2,pauli_x,0.576172,0.405722,0.32,0.008004,True
pauli_x,attack,readout,0.05,pauli_x,0.896484,0.631055,0.32,0.011721,True
pauli_x,attack,phase_flip,0.15,pauli_x,0.362305,0.256973,0.32,0.011199,False
pauli_x,attack,phase_flip,0.1,pauli_x,0.246094,0.177611,0.32,0.017817,False
pauli_x,attack,bit_flip,0.2,pauli_x,0.316406,0.224423,0.32,0.009796,False
pauli_x,attack,readout,0.2,pauli_x,0.697266,0.489898,0.32,0.006039,True
pauli_x,attack,phase_flip,0.15,pauli_x,0.344727,0.245401,0.32,0.01364,False
pauli_x,attack,depolarizing,0.05,pauli_x,0.94043,0.662045,0.32,0.01248,True
pauli_x,attack,readout,0.1,pauli_x,0.779297,0.548301,0.32,0.00931,True
pauli_x,attack,readout,0.1,pauli_x,0.171875,0.124095,0.32,0.012608,False
pauli_x,attack,phase_flip,0.05,pauli_x,0.852539,0.600535,0.32,0.012526,True
pauli_x,attack,bit_phase_flip,0.15,pauli_x,0.416016,0.29887,0.32,0.025528,False
pauli_x,attack,depolarizing,0.15,pauli_x,0.316406,0.226962,0.32,0.018259,False
pauli_x,attack,readout,0.2,pauli_x,0.644531,0.454683,0.32,0.011703,True
pauli_x,attack,readout,0.05,pauli_x,0.083008,0.063838,0.293203,0.019107,False
pauli_x,attack,bit_phase_flip,0.15,pauli_x,0.681641,0.480129,0.32,0.009933,True
pauli_x,attack,phase_flip,0.05,pauli_x,0.15332,0.110109,0.32,0.009283,False
pauli_y,attack,bit_flip,0.1,pauli_y,0.856445,0.60763,0.32,0.027061,True
pauli_y,attack,depolarizing,0.15,pauli_y,0.882812,0.619987,0.32,0.006729,True
pauli_y,attack,depolarizing,0.2,pauli_y,0.948242,0.669902,0.32,0.020443,True
pauli_y,attack,bit_phase_flip,0.2,pauli_y,0.424805,0.304395,0.32,0.023439,False
pauli_y,attack,bit_flip,0.1,pauli_y,0.24707,0.175147,0.32,0.007327,False
pauli_y,attack,depolarizing,0.15,pauli_y,0.365234,0.259262,0.32,0.011995,False
pauli_y,attack,bit_flip,0.2,pauli_y,0.741211,0.523821,0.32,0.016579,True
pauli_y,attack,bit_phase_flip,0.15,pauli_y,0.365234,0.257865,0.32,0.007339,False
pauli_y,attack,readout,0.05,pauli_y,0.142578,0.102389,0.317031,0.008615,False
pauli_y,attack,bit_flip,0.1,pauli_y,0.282227,0.200536,0.32,0.009924,False
pauli_y,attack,depolarizing,0.2,pauli_y,0.87207,0.613456,0.32,0.010024,True
pauli_y,attack,bit_phase_flip,0.1,pauli_y,0.649414,0.458767,0.32,0.013923,True
pauli_y,attack,depolarizing,0.05,pauli_y,0.151367,0.111172,0.32,0.017383,False
pauli_y,attack,readout,0.1,pauli_y,0.842773,0.594351,0.32,0.0147,True
pauli_y,attack,readout,0.05,pauli_y,0.145508,0.104831,0.318203,0.009917,False
pauli_y,attack,phase_flip,0.05,pauli_y,0.883789,0.623232,0.32,0.015267,True
pauli_y,attack,phase_flip,0.2,pauli_y,0.65625,0.462553,0.32,0.010592,True
pauli_y,attack,bit_phase_flip,0.2,pauli_y,0.75293,0.529828,0.32,0.009258,True
pauli_y,attack,phase_flip,0.2,pauli_y,0.384766,0.272911,0.32,0.011916,False
pauli_y,attack,phase_flip,0.1,pauli_y,0.242188,0.173312,0.32,0.012602,False
pauli_z,attack,depolarizing,0.15,pauli_z,0.702148,0.497393,0.32,0.019631,True
pauli_z,attack,bit_phase_flip,0.15,pauli_z,0.561523,0.399615,0.32,0.021829,True
pauli_z,attack,depolarizing,0.2,pauli_z,0.616211,0.437501,0.32,0.020512,True
pauli_z,attack,readout,0.2,pauli_z,0.598633,0.425737,0.32,0.022312,True
pauli_z,attack,phase_flip,0.1,pauli_z,0.807617,0.566597,0.32,0.004217,True
pauli_z,attack,depolarizing,0.05,pauli_z,0.870117,0.612593,0.32,0.011703,True
pauli_z,attack,depolarizing,0.2,pauli_z,0.146484,0.105665,0.318594,0.010421,False
pauli_z,attack,phase_flip,0.2,pauli_z,0.0,0.00504,0.26,0.0168,False
pauli_z,attack,readout,0.15,pauli_z,0.744141,0.526966,0.32,0.020223,True
pauli_z,attack,bit_flip,0.2,pauli_z,0.642578,0.454797,0.32,0.016642,True
pauli_z,attack,phase_flip,0.2,pauli_z,0.0,0.0046,0.26,0.015334,False
pauli_z,attack,depolarizing,0.15,pauli_z,0.736328,0.519367,0.32,0.013124,True
pauli_z,attack,depolarizing,0.05,pauli_z,0.030273,0.025862,0.272109,0.01557,False
pauli_z,attack,readout,0.2,pauli_z,0.313477,0.221264,0.32,0.0061,False
pauli_z,attack,depolarizing,0.05,pauli_z,0.037109,0.028185,0.274844,0.007361,False
pauli_z,attack,bit_phase_flip,0.1,pauli_z,0.691406,0.490249,0.32,0.020884,True
pauli_z,attack,bit_flip,0.05,pauli_z,0.875,0.61852,0.32,0.020068,True
pauli_z,attack,bit_phase_flip,0.05,pauli_z,0.753906,0.536788,0.32,0.030179,True
pauli_z,attack,bit_flip,0.15,pauli_z,0.710938,0.501804,0.32,0.013825,True
pauli_z,attack,depolarizing,0.1,pauli_z,0.754883,0.529866,0.32,0.004825,True
entanglement_disruption,attack,depolarizing,0.1,entanglement_disruption,0.537109,0.377426,0.32,0.004831,True
entanglement_disruption,attack,bit_flip,0.2,entanglement_disruption,0.511719,0.364068,0.32,0.019549,True
entanglement_disruption,attack,readout,0.1,entanglement_disruption,0.249023,0.178612,0.32,0.01432,False
entanglement_disruption,attack,bit_phase_flip,0.2,entanglement_disruption,0.455078,0.322652,0.32,0.013658,True
entanglement_disruption,attack,bit_flip,0.2,entanglement_disruption,0.46875,0.330942,0.32,0.009389,True
entanglement_disruption,attack,readout,0.1,entanglement_disruption,0.524414,0.369269,0.32,0.007263,True
entanglement_disruption,attack,bit_phase_flip,0.15,entanglement_disruption,0.375977,0.269389,0.32,0.020685,False
entanglement_disruption,attack,bit_phase_flip,0.2,entanglement_disruption,0.493164,0.346302,0.32,0.003625,True
entanglement_disruption,attack,depolarizing,0.2,entanglement_disruption,0.522461,0.371048,0.32,0.017751,True
entanglement_disruption,attack,depolarizing,0.15,entanglement_disruption,0.463867,0.332229,0.32,0.025075,True
entanglement_disruption,attack,bit_phase_flip,0.05,entanglement_disruption,0.493164,0.349764,0.32,0.015164,True
entanglement_disruption,attack,bit_flip,0.05,entanglement_disruption,0.210938,0.155244,0.32,0.025293,False
entanglement_disruption,attack,phase_flip,0.15,entanglement_disruption,0.40918,0.289598,0.32,0.010573,False
entanglement_disruption,attack,phase_flip,0.15,entanglement_disruption,0.500977,0.355375,0.32,0.015638,True
entanglement_disruption,attack,bit_flip,0.05,entanglement_disruption,0.47168,0.33457,0.32,0.014648,True
entanglement_disruption,attack,bit_flip,0.15,entanglement_disruption,0.419922,0.295972,0.32,0.006756,False
entanglement_disruption,attack,bit_phase_flip,0.15,entanglement_disruption,0.514648,0.365366,0.32,0.01704,True
entanglement_disruption,attack,phase_flip,0.1,entanglement_disruption,0.493164,0.350839,0.32,0.018748,True
entanglement_disruption,attack,readout,0.15,entanglement_disruption,0.519531,0.368024,0.32,0.014508,True
entanglement_disruption,attack,depolarizing,0.15,entanglement_disruption,0.381836,0.271272,0.32,0.013288,False
