noise_type,noise_probability,condition,attack_type,mean_mismatch,adaptive_threshold,fixed_rejection_rate,adaptive_rejection_rate
bit_flip,0.05,normal,none,0.08210451249999999,0.32568360999999996,0.0,0.0
bit_flip,0.1,normal,none,0.15520018750000003,0.3841601500000001,0.0,0.0
bit_flip,0.15,normal,none,0.21480713749999997,0.43184571000000005,0.0,0.0
bit_flip,0.2,normal,none,0.265771475,0.46000000000000013,0.9,0.0
bit_flip,0.05,attack,pauli_x,0.5099731875,0.46000000000000013,1.0,1.0
bit_flip,0.05,attack,pauli_y,0.9188720374999999,0.46000000000000013,1.0,1.0
bit_flip,0.05,attack,pauli_z,0.464965825,0.46000000000000013,1.0,0.95
bit_flip,0.05,attack,entanglement_disruption,0.5019531125000001,0.46000000000000013,1.0,1.0
bit_flip,0.1,attack,pauli_x,0.517199675,0.46000000000000013,1.0,1.0
bit_flip,0.1,attack,pauli_y,0.8447632500000001,0.46000000000000013,1.0,1.0
bit_flip,0.1,attack,pauli_z,0.4422729124999999,0.46000000000000013,1.0,0.0
bit_flip,0.1,attack,entanglement_disruption,0.4978271125,0.46000000000000013,1.0,1.0
bit_flip,0.15,attack,pauli_x,0.5221923625,0.46000000000000013,1.0,1.0
bit_flip,0.15,attack,pauli_y,0.7851074,0.46000000000000013,1.0,1.0
bit_flip,0.15,attack,pauli_z,0.4251587,0.46000000000000013,1.0,0.0
bit_flip,0.15,attack,entanglement_disruption,0.49965818749999996,0.46000000000000013,1.0,1.0
bit_flip,0.2,attack,pauli_x,0.5220214875000001,0.46000000000000013,1.0,1.0
bit_flip,0.2,attack,pauli_y,0.7319824250000001,0.46000000000000013,1.0,1.0
bit_flip,0.2,attack,pauli_z,0.4108032625,0.46000000000000013,1.0,0.0
bit_flip,0.2,attack,entanglement_disruption,0.5022827124999999,0.46000000000000013,1.0,1.0
phase_flip,0.05,normal,none,0.057299812500000005,0.30583985,0.0,0.0
phase_flip,0.1,normal,none,0.10626216249999998,0.34500973,0.0,0.0
phase_flip,0.15,normal,none,0.14831540000000001,0.37865231999999993,0.0,0.0
phase_flip,0.2,normal,none,0.17889403750000002,0.40311522999999994,0.0,0.0
phase_flip,0.05,attack,pauli_x,0.5775512500000001,0.46000000000000013,1.0,1.0
phase_flip,0.05,attack,pauli_y,0.94248045,0.46000000000000013,1.0,1.0
phase_flip,0.05,attack,pauli_z,0.44140626250000004,0.46000000000000013,1.0,0.0
phase_flip,0.05,attack,entanglement_disruption,0.49962154999999997,0.46000000000000013,1.0,1.0
phase_flip,0.1,attack,pauli_x,0.6342285375000001,0.46000000000000013,1.0,1.0
phase_flip,0.1,attack,pauli_y,0.8959228750000001,0.46000000000000013,1.0,1.0
phase_flip,0.1,attack,pauli_z,0.39455565000000004,0.46000000000000013,1.0,0.0
phase_flip,0.1,attack,entanglement_disruption,0.501782225,0.46000000000000013,1.0,1.0
phase_flip,0.15,attack,pauli_x,0.6776611000000001,0.46000000000000013,1.0,1.0
phase_flip,0.15,attack,pauli_y,0.8562377875000001,0.46000000000000013,1.0,1.0
phase_flip,0.15,attack,pauli_z,0.3508911250000001,0.46000000000000013,1.0,0.0
phase_flip,0.15,attack,entanglement_disruption,0.499963375,0.46000000000000013,1.0,1.0
phase_flip,0.2,attack,pauli_x,0.7072021625,0.46000000000000013,1.0,1.0
phase_flip,0.2,attack,pauli_y,0.8205322374999999,0.46000000000000013,1.0,1.0
phase_flip,0.2,attack,pauli_z,0.32348631250000004,0.46000000000000013,1.0,0.0
phase_flip,0.2,attack,entanglement_disruption,0.49710691250000005,0.46000000000000013,1.0,1.0
bit_phase_flip,0.05,normal,none,0.12636716249999996,0.36109373,0.0,0.0
bit_phase_flip,0.1,normal,none,0.2163696,0.43309568,0.0,0.0
bit_phase_flip,0.15,normal,none,0.2774414375,0.46000000000000013,1.0,0.0
bit_phase_flip,0.2,normal,none,0.3189818875,0.46000000000000013,1.0,0.0
bit_phase_flip,0.05,attack,pauli_x,0.5719482,0.46000000000000013,1.0,1.0
bit_phase_flip,0.05,attack,pauli_y,0.8732543749999999,0.46000000000000013,1.0,1.0
bit_phase_flip,0.05,attack,pauli_z,0.42305911249999995,0.46000000000000013,1.0,0.0
bit_phase_flip,0.05,attack,entanglement_disruption,0.5031860375000001,0.46000000000000013,1.0,1.0
bit_phase_flip,0.1,attack,pauli_x,0.598132325,0.46000000000000013,1.0,1.0
bit_phase_flip,0.1,attack,pauli_y,0.7851195750000001,0.46000000000000013,1.0,1.0
bit_phase_flip,0.1,attack,pauli_z,0.38012701249999997,0.46000000000000013,1.0,0.0
bit_phase_flip,0.1,attack,entanglement_disruption,0.4985961625,0.46000000000000013,1.0,1.0
bit_phase_flip,0.15,attack,pauli_x,0.5967651624999999,0.46000000000000013,1.0,1.0
bit_phase_flip,0.15,attack,pauli_y,0.7223022,0.46000000000000013,1.0,1.0
bit_phase_flip,0.15,attack,pauli_z,0.36372076249999996,0.46000000000000013,1.0,0.0
bit_phase_flip,0.15,attack,entanglement_disruption,0.4987426750000001,0.46000000000000013,1.0,1.0
bit_phase_flip,0.2,attack,pauli_x,0.5838623624999999,0.46000000000000013,1.0,1.0
bit_phase_flip,0.2,attack,pauli_y,0.682019,0.46000000000000013,1.0,1.0
bit_phase_flip,0.2,attack,pauli_z,0.36256106250000003,0.46000000000000013,1.0,0.0
bit_phase_flip,0.2,attack,entanglement_disruption,0.5025878375,0.46000000000000013,1.0,1.0
depolarizing,0.05,normal,none,0.06816405,0.31453124000000005,0.0,0.0
depolarizing,0.1,normal,none,0.1253661625,0.36029293,0.0,0.0
depolarizing,0.15,normal,none,0.1766357875,0.40130862999999994,0.0,0.0
depolarizing,0.2,normal,none,0.21291504999999997,0.43033204,0.0,0.0
depolarizing,0.05,attack,pauli_x,0.5420899,0.46000000000000013,1.0,1.0
depolarizing,0.05,attack,pauli_y,0.9321532875,0.46000000000000013,1.0,1.0
depolarizing,0.05,attack,pauli_z,0.4567748625,0.46000000000000013,1.0,0.25
depolarizing,0.05,attack,entanglement_disruption,0.500146525,0.46000000000000013,1.0,1.0
depolarizing,0.1,attack,pauli_x,0.5702881124999999,0.46000000000000013,1.0,1.0
depolarizing,0.1,attack,pauli_y,0.8750122250000001,0.46000000000000013,1.0,1.0
depolarizing,0.1,attack,pauli_z,0.42518308750000006,0.46000000000000013,1.0,0.0
depolarizing,0.1,attack,entanglement_disruption,0.5013305625,0.46000000000000013,1.0,1.0
depolarizing,0.15,attack,pauli_x,0.5888916249999999,0.46000000000000013,1.0,1.0
depolarizing,0.15,attack,pauli_y,0.8271972375000001,0.46000000000000013,1.0,1.0
depolarizing,0.15,attack,pauli_z,0.398571775,0.46000000000000013,1.0,0.0
depolarizing,0.15,attack,entanglement_disruption,0.5030761874999999,0.46000000000000013,1.0,1.0
depolarizing,0.2,attack,pauli_x,0.5954345375,0.46000000000000013,1.0,1.0
depolarizing,0.2,attack,pauli_y,0.7844482875,0.46000000000000013,1.0,1.0
depolarizing,0.2,attack,pauli_z,0.3825806,0.46000000000000013,1.0,0.0
depolarizing,0.2,attack,entanglement_disruption,0.499121075,0.46000000000000013,1.0,1.0
readout,0.05,normal,none,0.09490965000000001,0.33592772,0.0,0.0
readout,0.1,normal,none,0.1798584,0.40388672000000003,0.0,0.0
readout,0.15,normal,none,0.25427237500000005,0.4596875000000001,0.2,0.0
readout,0.2,normal,none,0.320813,0.46000000000000013,1.0,0.0
readout,0.05,attack,pauli_x,0.500537075,0.46000000000000013,1.0,1.0
readout,0.05,attack,pauli_y,0.9053955375000001,0.46000000000000013,1.0,1.0
readout,0.05,attack,pauli_z,0.5006713375,0.46000000000000013,1.0,1.0
readout,0.05,attack,entanglement_disruption,0.5014038125000001,0.46000000000000013,1.0,1.0
readout,0.1,attack,pauli_x,0.5009155625,0.46000000000000013,1.0,1.0
readout,0.1,attack,pauli_y,0.819787625,0.46000000000000013,1.0,1.0
readout,0.1,attack,pauli_z,0.49871822500000007,0.46000000000000013,1.0,1.0
readout,0.1,attack,entanglement_disruption,0.498303225,0.46000000000000013,1.0,1.0
readout,0.15,attack,pauli_x,0.5006958,0.46000000000000013,1.0,1.0
readout,0.15,attack,pauli_y,0.7444213625,0.46000000000000013,1.0,1.0
readout,0.15,attack,pauli_z,0.49976805,0.46000000000000013,1.0,1.0
readout,0.15,attack,entanglement_disruption,0.49913332499999996,0.46000000000000013,1.0,1.0
readout,0.2,attack,pauli_x,0.4995727125,0.46000000000000013,1.0,1.0
readout,0.2,attack,pauli_y,0.6820434625,0.46000000000000013,1.0,1.0
readout,0.2,attack,pauli_z,0.501013125,0.46000000000000013,1.0,1.0
readout,0.2,attack,entanglement_disruption,0.499060025,0.46000000000000013,1.0,1.0
