Timestamp,Condition,Trial,Seed,Shots,Bit,Basis,NoiseType,NoiseProbability,QuantumAttack,MismatchRate,SecurityScore,AdaptiveThreshold,BellAnomalyScore,Decision,AttackDetected,ExpectedAttack,TP,FN,TN,FP
2026-09-17T19:45:03,noise_only,1,1257723907,1024,0,X,depolarizing,0.3,none,0.411133,0.290561,0.32,0.009225,NORMAL,False,False,0,0,1,0
2026-09-17T19:45:03,noise_only,2,1371739656,1024,0,X,depolarizing,0.3,none,0.400391,0.283661,0.32,0.01129,NORMAL,False,False,0,0,1,0
2026-09-17T19:45:03,noise_only,3,1477296652,1024,0,X,depolarizing,0.3,none,0.379883,0.272218,0.32,0.020999,NORMAL,False,False,0,0,1,0
2026-09-17T19:45:03,noise_only,4,1770562574,1024,0,X,depolarizing,0.3,none,0.397461,0.282329,0.32,0.013689,NORMAL,False,False,0,0,1,0
2026-09-17T19:45:03,noise_only,5,1869902351,1024,0,X,depolarizing,0.3,none,0.37793,0.267134,0.32,0.008609,NORMAL,False,False,0,0,1,0
2026-09-17T19:45:03,noise_only,6,915464720,1024,0,X,depolarizing,0.3,none,0.392578,0.277783,0.32,0.009927,NORMAL,False,False,0,0,1,0
2026-09-17T19:45:03,noise_only,7,1182962706,1024,0,X,depolarizing,0.3,none,0.396484,0.284036,0.32,0.021657,NORMAL,False,False,0,0,1,0
2026-09-17T19:45:03,noise_only,8,952686611,1024,0,X,depolarizing,0.3,none,0.37793,0.267897,0.32,0.011153,NORMAL,False,False,0,0,1,0
2026-09-17T19:45:03,noise_only,9,675515928,1024,0,X,depolarizing,0.3,none,0.40625,0.288902,0.32,0.015091,NORMAL,False,False,0,0,1,0
2026-09-17T19:45:03,noise_only,10,130921499,1024,0,X,depolarizing,0.3,none,0.389648,0.277368,0.32,0.01538,NORMAL,False,False,0,0,1,0
2026-09-17T19:45:03,noise_only,11,2713628,1024,0,X,depolarizing,0.3,none,0.373047,0.265335,0.32,0.014007,NORMAL,False,False,0,0,1,0
2026-09-17T19:45:04,noise_only,12,2027694109,1024,0,X,depolarizing,0.3,none,0.383789,0.269916,0.32,0.004214,NORMAL,False,False,0,0,1,0
2026-09-17T19:45:04,noise_only,13,625184287,1024,0,X,depolarizing,0.3,none,0.417969,0.294405,0.32,0.006088,NORMAL,False,False,0,0,1,0
2026-09-17T19:45:04,noise_only,14,1033163296,1024,0,X,depolarizing,0.3,none,0.37207,0.264481,0.32,0.01344,NORMAL,False,False,0,0,1,0
2026-09-17T19:45:04,noise_only,15,1617023522,1024,0,X,depolarizing,0.3,none,0.398438,0.280541,0.32,0.005447,NORMAL,False,False,0,0,1,0
2026-09-17T19:45:04,noise_only,16,459234851,1024,0,X,depolarizing,0.3,none,0.371094,0.261782,0.32,0.00672,NORMAL,False,False,0,0,1,0
2026-09-17T19:45:04,noise_only,17,324011554,1024,0,X,depolarizing,0.3,none,0.400391,0.284211,0.32,0.013124,NORMAL,False,False,0,0,1,0
2026-09-17T19:45:04,noise_only,18,342339619,1024,0,X,depolarizing,0.3,none,0.402344,0.284203,0.32,0.008542,NORMAL,False,False,0,0,1,0
2026-09-17T19:45:04,noise_only,19,1649367082,1024,0,X,depolarizing,0.3,none,0.386719,0.274702,0.32,0.01333,NORMAL,False,False,0,0,1,0
2026-09-17T19:45:04,noise_only,20,1111804409,1024,0,X,depolarizing,0.3,none,0.381836,0.275422,0.32,0.027123,NORMAL,False,False,0,0,1,0
2026-09-17T19:45:04,noise_only,21,705015854,1024,0,X,depolarizing,0.3,none,0.390625,0.281567,0.32,0.027097,NORMAL,False,False,0,0,1,0
2026-09-17T19:45:04,noise_only,22,1480008752,1024,0,X,depolarizing,0.3,none,0.40625,0.287759,0.32,0.011281,NORMAL,False,False,0,0,1,0
2026-09-17T19:45:04,noise_only,23,1193746482,1024,0,X,depolarizing,0.3,none,0.40625,0.291595,0.32,0.024067,NORMAL,False,False,0,0,1,0
2026-09-17T19:45:04,noise_only,24,1061638196,1024,0,X,depolarizing,0.3,none,0.398438,0.282326,0.32,0.011397,NORMAL,False,False,0,0,1,0
2026-09-17T19:45:04,noise_only,25,2077976630,1024,0,X,depolarizing,0.3,none,0.414062,0.292854,0.32,0.010036,NORMAL,False,False,0,0,1,0
2026-09-17T19:45:04,noise_only,26,593315382,1024,0,X,depolarizing,0.3,none,0.415039,0.295727,0.32,0.017331,NORMAL,False,False,0,0,1,0
2026-09-17T19:45:04,noise_only,27,573500474,1024,0,X,depolarizing,0.3,none,0.410156,0.288934,0.32,0.006082,NORMAL,False,False,0,0,1,0
2026-09-17T19:45:04,noise_only,28,1872083516,1024,0,X,depolarizing,0.3,none,0.387695,0.273383,0.32,0.006656,NORMAL,False,False,0,0,1,0
2026-09-17T19:45:04,noise_only,29,2123069501,1024,0,X,depolarizing,0.3,none,0.384766,0.271922,0.32,0.008621,NORMAL,False,False,0,0,1,0
2026-09-17T19:45:04,noise_only,30,851199550,1024,0,X,depolarizing,0.3,none,0.382812,0.271544,0.32,0.011919,NORMAL,False,False,0,0,1,0
2026-09-17T19:45:04,noise_only,31,1200455231,1024,0,X,depolarizing,0.3,none,0.413086,0.290988,0.32,0.006094,NORMAL,False,False,0,0,1,0
2026-09-17T19:45:04,noise_only,32,584570944,1024,0,X,depolarizing,0.3,none,0.404297,0.290136,0.32,0.023761,NORMAL,False,False,0,0,1,0
2026-09-17T19:45:04,noise_only,33,145755713,1024,0,X,depolarizing,0.3,none,0.383789,0.270664,0.32,0.006705,NORMAL,False,False,0,0,1,0
2026-09-17T19:45:04,noise_only,34,1719659070,1024,0,X,depolarizing,0.3,none,0.365234,0.260914,0.32,0.017501,NORMAL,False,False,0,0,1,0
2026-09-17T19:45:04,noise_only,35,81864260,1024,0,X,depolarizing,0.3,none,0.382812,0.272762,0.32,0.015978,NORMAL,False,False,0,0,1,0
2026-09-17T19:45:04,noise_only,36,211503174,1024,0,X,depolarizing,0.3,none,0.398438,0.283083,0.32,0.013923,NORMAL,False,False,0,0,1,0
2026-09-17T19:45:04,noise_only,37,1819876935,1024,0,X,depolarizing,0.3,none,0.396484,0.284003,0.32,0.021548,NORMAL,False,False,0,0,1,0
2026-09-17T19:45:04,noise_only,38,310465609,1024,0,X,depolarizing,0.3,none,0.391602,0.279565,0.32,0.018144,NORMAL,False,False,0,0,1,0
2026-09-17T19:45:04,noise_only,39,1505522766,1024,0,X,depolarizing,0.3,none,0.430664,0.303099,0.32,0.005447,NORMAL,False,False,0,0,1,0
2026-09-17T19:45:04,noise_only,40,1797903951,1024,0,X,depolarizing,0.3,none,0.385742,0.275212,0.32,0.01731,NORMAL,False,False,0,0,1,0
2026-09-17T19:45:04,noise_only,41,657964624,1024,0,X,depolarizing,0.3,none,0.397461,0.282238,0.32,0.013385,NORMAL,False,False,0,0,1,0
2026-09-17T19:45:05,noise_only,42,30581839,1024,0,X,depolarizing,0.3,none,0.402344,0.285423,0.32,0.012608,NORMAL,False,False,0,0,1,0
2026-09-17T19:45:05,noise_only,43,218691154,1024,0,X,depolarizing,0.3,none,0.398438,0.284508,0.32,0.018673,NORMAL,False,False,0,0,1,0
2026-09-17T19:45:05,noise_only,44,1117085268,1024,0,X,depolarizing,0.3,none,0.386719,0.274699,0.32,0.013318,NORMAL,False,False,0,0,1,0
2026-09-17T19:45:05,noise_only,45,2036276820,1024,0,X,depolarizing,0.3,none,0.40332,0.287469,0.32,0.017149,NORMAL,False,False,0,0,1,0
2026-09-17T19:45:05,noise_only,46,2005643866,1024,0,X,depolarizing,0.3,none,0.391602,0.28041,0.32,0.020962,NORMAL,False,False,0,0,1,0
2026-09-17T19:45:05,noise_only,47,1213234266,1024,0,X,depolarizing,0.3,none,0.388672,0.275219,0.32,0.010494,NORMAL,False,False,0,0,1,0
2026-09-17T19:45:05,noise_only,48,1395227230,1024,0,X,depolarizing,0.3,none,0.395508,0.282234,0.32,0.017929,NORMAL,False,False,0,0,1,0
2026-09-17T19:45:05,noise_only,49,1626776671,1024,0,X,depolarizing,0.3,none,0.378906,0.273071,0.32,0.026124,NORMAL,False,False,0,0,1,0
2026-09-17T19:45:05,noise_only,50,267792478,1024,0,X,depolarizing,0.3,none,0.410156,0.29179,0.32,0.015601,NORMAL,False,False,0,0,1,0
2026-09-17T19:45:05,noise_only,51,235662945,1024,0,X,depolarizing,0.3,none,0.416016,0.294207,0.32,0.009987,NORMAL,False,False,0,0,1,0
2026-09-17T19:45:05,noise_only,52,1089498214,1024,0,X,depolarizing,0.3,none,0.40625,0.286183,0.32,0.006027,NORMAL,False,False,0,0,1,0
2026-09-17T19:45:05,noise_only,53,383062120,1024,0,X,depolarizing,0.3,none,0.385742,0.273618,0.32,0.011995,NORMAL,False,False,0,0,1,0
2026-09-17T19:45:05,noise_only,54,1078085226,1024,0,X,depolarizing,0.3,none,0.395508,0.280789,0.32,0.013112,NORMAL,False,False,0,0,1,0
2026-09-17T19:45:05,noise_only,55,44904044,1024,0,X,depolarizing,0.3,none,0.373047,0.263168,0.32,0.006784,NORMAL,False,False,0,0,1,0
2026-09-17T19:45:05,noise_only,56,1822386284,1024,0,X,depolarizing,0.3,none,0.439453,0.314959,0.32,0.024474,NORMAL,False,False,0,0,1,0
2026-09-17T19:45:05,noise_only,57,617519728,1024,0,X,depolarizing,0.3,none,0.395508,0.279046,0.32,0.0073,NORMAL,False,False,0,0,1,0
2026-09-17T19:45:05,noise_only,58,1702132849,1024,0,X,depolarizing,0.3,none,0.407227,0.288284,0.32,0.01075,NORMAL,False,False,0,0,1,0
2026-09-17T19:45:05,noise_only,59,1058013811,1024,0,X,depolarizing,0.3,none,0.350586,0.249005,0.32,0.011982,NORMAL,False,False,0,0,1,0
2026-09-17T19:45:05,noise_only,60,2107858555,1024,0,X,depolarizing,0.3,none,0.405273,0.287012,0.32,0.011071,NORMAL,False,False,0,0,1,0
2026-09-17T19:45:05,noise_only,61,1339323005,1024,0,X,depolarizing,0.3,none,0.405273,0.28765,0.32,0.013197,NORMAL,False,False,0,0,1,0
2026-09-17T19:45:05,noise_only,62,461869695,1024,0,X,depolarizing,0.3,none,0.393555,0.281536,0.32,0.020159,NORMAL,False,False,0,0,1,0
2026-09-17T19:45:05,noise_only,63,9875584,1024,0,X,depolarizing,0.3,none,0.40625,0.289108,0.32,0.015777,NORMAL,False,False,0,0,1,0
2026-09-17T19:45:05,noise_only,64,59293313,1024,0,X,depolarizing,0.3,none,0.405273,0.289505,0.32,0.01938,NORMAL,False,False,0,0,1,0
2026-09-17T19:45:05,noise_only,65,666644612,1024,0,X,depolarizing,0.3,none,0.398438,0.280918,0.32,0.006705,NORMAL,False,False,0,0,1,0
2026-09-17T19:45:05,noise_only,66,170249349,1024,0,X,depolarizing,0.3,none,0.402344,0.282717,0.32,0.003589,NORMAL,False,False,0,0,1,0
2026-09-17T19:45:05,noise_only,67,1833331333,1024,0,X,depolarizing,0.3,none,0.412109,0.292263,0.32,0.012623,NORMAL,False,False,0,0,1,0
2026-09-17T19:45:05,noise_only,68,1957711497,1024,0,X,depolarizing,0.3,none,0.401367,0.289439,0.32,0.028274,NORMAL,False,False,0,0,1,0
2026-09-17T19:45:05,noise_only,69,2099242634,1024,0,X,depolarizing,0.3,none,0.381836,0.272408,0.32,0.017077,NORMAL,False,False,0,0,1,0
2026-09-17T19:45:05,noise_only,70,2081822345,1024,0,X,depolarizing,0.3,none,0.397461,0.282145,0.32,0.013075,NORMAL,False,False,0,0,1,0
2026-09-17T19:45:05,noise_only,71,660886154,1024,0,X,depolarizing,0.3,none,0.40625,0.288347,0.32,0.013239,NORMAL,False,False,0,0,1,0
2026-09-17T19:45:05,noise_only,72,1393709712,1024,0,X,depolarizing,0.3,none,0.402344,0.285834,0.32,0.013977,NORMAL,False,False,0,0,1,0
2026-09-17T19:45:06,noise_only,73,348760209,1024,0,X,depolarizing,0.3,none,0.382812,0.272059,0.32,0.013634,NORMAL,False,False,0,0,1,0
2026-09-17T19:45:06,noise_only,74,2098858643,1024,0,X,depolarizing,0.3,none,0.411133,0.292949,0.32,0.017186,NORMAL,False,False,0,0,1,0
2026-09-17T19:45:06,noise_only,75,1074429590,1024,0,X,depolarizing,0.3,none,0.416992,0.294872,0.32,0.009924,NORMAL,False,False,0,0,1,0
2026-09-17T19:45:06,noise_only,76,1586133143,1024,0,X,depolarizing,0.3,none,0.405273,0.290356,0.32,0.022216,NORMAL,False,False,0,0,1,0
2026-09-17T19:45:06,noise_only,77,1553132197,1024,0,X,depolarizing,0.3,none,0.378906,0.267829,0.32,0.008651,NORMAL,False,False,0,0,1,0
2026-09-17T19:45:06,noise_only,78,599723176,1024,0,X,depolarizing,0.3,none,0.414062,0.291853,0.32,0.006698,NORMAL,False,False,0,0,1,0
2026-09-17T19:45:06,noise_only,79,802448042,1024,0,X,depolarizing,0.3,none,0.416992,0.296878,0.32,0.016612,NORMAL,False,False,0,0,1,0
2026-09-17T19:45:06,noise_only,80,1902130860,1024,0,X,depolarizing,0.3,none,0.394531,0.289068,0.32,0.042988,NORMAL,False,False,0,0,1,0
2026-09-17T19:45:06,noise_only,81,1811760301,1024,0,X,depolarizing,0.3,none,0.370117,0.26168,0.32,0.00866,NORMAL,False,False,0,0,1,0
2026-09-17T19:45:06,noise_only,82,90236084,1024,0,X,depolarizing,0.3,none,0.383789,0.27512,0.32,0.02156,NORMAL,False,False,0,0,1,0
2026-09-17T19:45:06,noise_only,83,1867720887,1024,0,X,depolarizing,0.3,none,0.40918,0.29186,0.32,0.018114,NORMAL,False,False,0,0,1,0
2026-09-17T19:45:06,noise_only,84,1575167672,1024,0,X,depolarizing,0.3,none,0.37793,0.26751,0.32,0.009863,NORMAL,False,False,0,0,1,0
2026-09-17T19:45:06,noise_only,85,837577404,1024,0,X,depolarizing,0.3,none,0.385742,0.272958,0.32,0.009796,NORMAL,False,False,0,0,1,0
2026-09-17T19:45:06,noise_only,86,290862783,1024,0,X,depolarizing,0.3,none,0.375977,0.270369,0.32,0.023951,NORMAL,False,False,0,0,1,0
2026-09-17T19:45:06,noise_only,87,472189634,1024,0,X,depolarizing,0.3,none,0.416992,0.297313,0.32,0.018063,NORMAL,False,False,0,0,1,0
2026-09-17T19:45:06,noise_only,88,2082557636,1024,0,X,depolarizing,0.3,none,0.400391,0.282474,0.32,0.007333,NORMAL,False,False,0,0,1,0
2026-09-17T19:45:06,noise_only,89,1049663177,1024,0,X,depolarizing,0.3,none,0.396484,0.281531,0.32,0.013309,NORMAL,False,False,0,0,1,0
2026-09-17T19:45:06,noise_only,90,175510730,1024,0,X,depolarizing,0.3,none,0.373047,0.265475,0.32,0.014472,NORMAL,False,False,0,0,1,0
2026-09-17T19:45:06,noise_only,91,1064633035,1024,0,X,depolarizing,0.3,none,0.375,0.265884,0.32,0.011281,NORMAL,False,False,0,0,1,0
2026-09-17T19:45:06,noise_only,92,82161870,1024,0,X,depolarizing,0.3,none,0.398438,0.281906,0.32,0.009997,NORMAL,False,False,0,0,1,0
2026-09-17T19:45:06,noise_only,93,1013221071,1024,0,X,depolarizing,0.3,none,0.404297,0.287923,0.32,0.016385,NORMAL,False,False,0,0,1,0
2026-09-17T19:45:06,noise_only,94,2060788433,1024,0,X,depolarizing,0.3,none,0.387695,0.273782,0.32,0.007986,NORMAL,False,False,0,0,1,0
2026-09-17T19:45:06,noise_only,95,1002704085,1024,0,X,depolarizing,0.3,none,0.40625,0.288793,0.32,0.014727,NORMAL,False,False,0,0,1,0
2026-09-17T19:45:06,noise_only,96,1330347734,1024,0,X,depolarizing,0.3,none,0.396484,0.282043,0.32,0.015015,NORMAL,False,False,0,0,1,0
2026-09-17T19:45:06,noise_only,97,1578812636,1024,0,X,depolarizing,0.3,none,0.395508,0.281846,0.32,0.016636,NORMAL,False,False,0,0,1,0
2026-09-17T19:45:06,noise_only,98,1234632412,1024,0,X,depolarizing,0.3,none,0.405273,0.284955,0.32,0.004214,NORMAL,False,False,0,0,1,0
2026-09-17T19:45:06,noise_only,99,303097566,1024,0,X,depolarizing,0.3,none,0.401367,0.287268,0.32,0.021038,NORMAL,False,False,0,0,1,0
2026-09-17T19:45:06,noise_only,100,1311259362,1024,0,X,depolarizing,0.3,none,0.40625,0.289977,0.32,0.018673,NORMAL,False,False,0,0,1,0
2026-09-17T19:45:06,pauli_z_attack,1,1834544355,1024,0,X,depolarizing,0.3,pauli_z,0.577148,0.409146,0.32,0.017142,ATTACK,True,True,1,0,0,0
2026-09-17T19:45:06,pauli_z_attack,2,1723985636,1024,0,X,depolarizing,0.3,pauli_z,0.586914,0.415996,0.32,0.017186,ATTACK,True,True,1,0,0,0
2026-09-17T19:45:06,pauli_z_attack,3,1813180138,1024,0,X,depolarizing,0.3,pauli_z,0.628906,0.444025,0.32,0.012635,ATTACK,True,True,1,0,0,0
2026-09-17T19:45:07,pauli_z_attack,4,1566963438,1024,0,X,depolarizing,0.3,pauli_z,0.566406,0.400846,0.32,0.014539,ATTACK,True,True,1,0,0,0
2026-09-17T19:45:07,pauli_z_attack,5,1142231280,1024,0,X,depolarizing,0.3,pauli_z,0.586914,0.412681,0.32,0.006137,ATTACK,True,True,1,0,0,0
2026-09-17T19:45:07,pauli_z_attack,6,1639144692,1024,0,X,depolarizing,0.3,pauli_z,0.599609,0.42688,0.32,0.023846,ATTACK,True,True,1,0,0,0
2026-09-17T19:45:07,pauli_z_attack,7,947863288,1024,0,X,depolarizing,0.3,pauli_z,0.606445,0.430001,0.32,0.018297,ATTACK,True,True,1,0,0,0
2026-09-17T19:45:07,pauli_z_attack,8,597789949,1024,0,X,depolarizing,0.3,pauli_z,0.561523,0.400411,0.32,0.024484,ATTACK,True,True,1,0,0,0
2026-09-17T19:45:07,pauli_z_attack,9,558845695,1024,0,X,depolarizing,0.3,pauli_z,0.616211,0.435423,0.32,0.013585,ATTACK,True,True,1,0,0,0
2026-09-17T19:45:07,pauli_z_attack,10,64837889,1024,0,X,depolarizing,0.3,pauli_z,0.59668,0.419669,0.32,0.006644,ATTACK,True,True,1,0,0,0
2026-09-17T19:45:07,pauli_z_attack,11,265024770,1024,0,X,depolarizing,0.3,pauli_z,0.569336,0.40589,0.32,0.024517,ATTACK,True,True,1,0,0,0
2026-09-17T19:45:07,pauli_z_attack,12,1432605445,1024,0,X,depolarizing,0.3,pauli_z,0.595703,0.420962,0.32,0.013233,ATTACK,True,True,1,0,0,0
2026-09-17T19:45:07,pauli_z_attack,13,2103145223,1024,0,X,depolarizing,0.3,pauli_z,0.578125,0.409812,0.32,0.017083,ATTACK,True,True,1,0,0,0
2026-09-17T19:45:07,pauli_z_attack,14,1231743753,1024,0,X,depolarizing,0.3,pauli_z,0.608398,0.430289,0.32,0.014703,ATTACK,True,True,1,0,0,0
2026-09-17T19:45:07,pauli_z_attack,15,545924874,1024,0,X,depolarizing,0.3,pauli_z,0.59668,0.421637,0.32,0.013203,ATTACK,True,True,1,0,0,0
2026-09-17T19:45:07,pauli_z_attack,16,1182334234,1024,0,X,depolarizing,0.3,pauli_z,0.592773,0.417683,0.32,0.00914,ATTACK,True,True,1,0,0,0
2026-09-17T19:45:07,pauli_z_attack,17,676727069,1024,0,X,depolarizing,0.3,pauli_z,0.604492,0.425727,0.32,0.008609,ATTACK,True,True,1,0,0,0
2026-09-17T19:45:07,pauli_z_attack,18,658908958,1024,0,X,depolarizing,0.3,pauli_z,0.59668,0.422211,0.32,0.015116,ATTACK,True,True,1,0,0,0
2026-09-17T19:45:07,pauli_z_attack,19,1744998688,1024,0,X,depolarizing,0.3,pauli_z,0.59082,0.422783,0.32,0.030696,ATTACK,True,True,1,0,0,0
2026-09-17T19:45:07,pauli_z_attack,20,842138919,1024,0,X,depolarizing,0.3,pauli_z,0.571289,0.405296,0.32,0.017978,ATTACK,True,True,1,0,0,0
2026-09-17T19:45:07,pauli_z_attack,21,1698985258,1024,0,X,depolarizing,0.3,pauli_z,0.620117,0.440316,0.32,0.020781,ATTACK,True,True,1,0,0,0
2026-09-17T19:45:07,pauli_z_attack,22,1410172206,1024,0,X,depolarizing,0.3,pauli_z,0.597656,0.422933,0.32,0.015246,ATTACK,True,True,1,0,0,0
2026-09-17T19:45:07,pauli_z_attack,23,1132774703,1024,0,X,depolarizing,0.3,pauli_z,0.609375,0.432427,0.32,0.019549,ATTACK,True,True,1,0,0,0
2026-09-17T19:45:07,pauli_z_attack,24,1954438446,1024,0,X,depolarizing,0.3,pauli_z,0.609375,0.428188,0.32,0.005417,ATTACK,True,True,1,0,0,0
2026-09-17T19:45:07,pauli_z_attack,25,738527537,1024,0,X,depolarizing,0.3,pauli_z,0.606445,0.42766,0.32,0.010494,ATTACK,True,True,1,0,0,0
2026-09-17T19:45:07,pauli_z_attack,26,1393542454,1024,0,X,depolarizing,0.3,pauli_z,0.592773,0.420807,0.32,0.019552,ATTACK,True,True,1,0,0,0
2026-09-17T19:45:07,pauli_z_attack,27,801009464,1024,0,X,depolarizing,0.3,pauli_z,0.62207,0.439222,0.32,0.012577,ATTACK,True,True,1,0,0,0
2026-09-17T19:45:07,pauli_z_attack,28,570116408,1024,0,X,depolarizing,0.3,pauli_z,0.603516,0.423359,0.32,0.002994,ATTACK,True,True,1,0,0,0
2026-09-17T19:45:07,pauli_z_attack,29,2077588282,1024,0,X,depolarizing,0.3,pauli_z,0.599609,0.425373,0.32,0.018821,ATTACK,True,True,1,0,0,0
2026-09-17T19:45:07,pauli_z_attack,30,2092110656,1024,0,X,depolarizing,0.3,pauli_z,0.601562,0.421807,0.32,0.002377,ATTACK,True,True,1,0,0,0
2026-09-17T19:45:07,pauli_z_attack,31,519234884,1024,0,X,depolarizing,0.3,pauli_z,0.625977,0.4426,0.32,0.014721,ATTACK,True,True,1,0,0,0
2026-09-17T19:45:07,pauli_z_attack,32,111418694,1024,0,X,depolarizing,0.3,pauli_z,0.592773,0.418521,0.32,0.011934,ATTACK,True,True,1,0,0,0
2026-09-17T19:45:07,pauli_z_attack,33,1238595911,1024,0,X,depolarizing,0.3,pauli_z,0.588867,0.414974,0.32,0.009225,ATTACK,True,True,1,0,0,0
2026-09-17T19:45:07,pauli_z_attack,34,1058496841,1024,0,X,depolarizing,0.3,pauli_z,0.589844,0.417287,0.32,0.014654,ATTACK,True,True,1,0,0,0
2026-09-17T19:45:08,pauli_z_attack,35,537483594,1024,0,X,depolarizing,0.3,pauli_z,0.59082,0.415778,0.32,0.007345,ATTACK,True,True,1,0,0,0
2026-09-17T19:45:08,pauli_z_attack,36,1866966859,1024,0,X,depolarizing,0.3,pauli_z,0.586914,0.414619,0.32,0.012596,ATTACK,True,True,1,0,0,0
2026-09-17T19:45:08,pauli_z_attack,37,1553059665,1024,0,X,depolarizing,0.3,pauli_z,0.580078,0.407687,0.32,0.005441,ATTACK,True,True,1,0,0,0
2026-09-17T19:45:08,pauli_z_attack,38,1625765201,1024,0,X,depolarizing,0.3,pauli_z,0.597656,0.421368,0.32,0.01003,ATTACK,True,True,1,0,0,0
2026-09-17T19:45:08,pauli_z_attack,39,1180239699,1024,0,X,depolarizing,0.3,pauli_z,0.613281,0.432238,0.32,0.009805,ATTACK,True,True,1,0,0,0
2026-09-17T19:45:08,pauli_z_attack,40,1845276499,1024,0,X,depolarizing,0.3,pauli_z,0.600586,0.431317,0.32,0.036357,ATTACK,True,True,1,0,0,0
2026-09-17T19:45:08,pauli_z_attack,41,646703445,1024,0,X,depolarizing,0.3,pauli_z,0.616211,0.43318,0.32,0.006109,ATTACK,True,True,1,0,0,0
2026-09-17T19:45:08,pauli_z_attack,42,120675156,1024,0,X,depolarizing,0.3,pauli_z,0.592773,0.41695,0.32,0.006698,ATTACK,True,True,1,0,0,0
2026-09-17T19:45:08,pauli_z_attack,43,89980759,1024,0,X,depolarizing,0.3,pauli_z,0.591797,0.419261,0.32,0.016676,ATTACK,True,True,1,0,0,0
2026-09-17T19:45:08,pauli_z_attack,44,1780821335,1024,0,X,depolarizing,0.3,pauli_z,0.614258,0.434087,0.32,0.013689,ATTACK,True,True,1,0,0,0
2026-09-17T19:45:08,pauli_z_attack,45,280696665,1024,0,X,depolarizing,0.3,pauli_z,0.572266,0.40515,0.32,0.015213,ATTACK,True,True,1,0,0,0
2026-09-17T19:45:08,pauli_z_attack,46,1168435551,1024,0,X,depolarizing,0.3,pauli_z,0.570312,0.400853,0.32,0.00545,ATTACK,True,True,1,0,0,0
2026-09-17T19:45:08,pauli_z_attack,47,11507554,1024,0,X,depolarizing,0.3,pauli_z,0.617188,0.437493,0.32,0.018205,ATTACK,True,True,1,0,0,0
2026-09-17T19:45:08,pauli_z_attack,48,448478052,1024,0,X,depolarizing,0.3,pauli_z,0.597656,0.421513,0.32,0.010513,ATTACK,True,True,1,0,0,0
2026-09-17T19:45:08,pauli_z_attack,49,1006166888,1024,0,X,depolarizing,0.3,pauli_z,0.62207,0.44074,0.32,0.017637,ATTACK,True,True,1,0,0,0
2026-09-17T19:45:08,pauli_z_attack,50,1999541610,1024,0,X,depolarizing,0.3,pauli_z,0.584961,0.411469,0.32,0.006656,ATTACK,True,True,1,0,0,0
2026-09-17T19:45:08,pauli_z_attack,51,806443885,1024,0,X,depolarizing,0.3,pauli_z,0.585938,0.415857,0.32,0.019001,ATTACK,True,True,1,0,0,0
2026-09-17T19:45:08,pauli_z_attack,52,1265085295,1024,0,X,depolarizing,0.3,pauli_z,0.62207,0.437267,0.32,0.006061,ATTACK,True,True,1,0,0,0
2026-09-17T19:45:08,pauli_z_attack,53,2138930553,1024,0,X,depolarizing,0.3,pauli_z,0.587891,0.414729,0.32,0.010683,ATTACK,True,True,1,0,0,0
2026-09-17T19:45:08,pauli_z_attack,54,1940478843,1024,0,X,depolarizing,0.3,pauli_z,0.62207,0.440536,0.32,0.016957,ATTACK,True,True,1,0,0,0
2026-09-17T19:45:08,pauli_z_attack,55,381556095,1024,0,X,depolarizing,0.3,pauli_z,0.599609,0.423235,0.32,0.011697,ATTACK,True,True,1,0,0,0
2026-09-17T19:45:08,pauli_z_attack,56,1658495880,1024,0,X,depolarizing,0.3,pauli_z,0.623047,0.441383,0.32,0.017501,ATTACK,True,True,1,0,0,0
2026-09-17T19:45:08,pauli_z_attack,57,822419337,1024,0,X,depolarizing,0.3,pauli_z,0.583984,0.411606,0.32,0.009392,ATTACK,True,True,1,0,0,0
2026-09-17T19:45:08,pauli_z_attack,58,218092425,1024,0,X,depolarizing,0.3,pauli_z,0.611328,0.430708,0.32,0.009262,ATTACK,True,True,1,0,0,0
2026-09-17T19:45:08,pauli_z_attack,59,1704557451,1024,0,X,depolarizing,0.3,pauli_z,0.610352,0.430027,0.32,0.009268,ATTACK,True,True,1,0,0,0
2026-09-17T19:45:08,pauli_z_attack,60,1833475982,1024,0,X,depolarizing,0.3,pauli_z,0.602539,0.424371,0.32,0.008645,ATTACK,True,True,1,0,0,0
2026-09-17T19:45:08,pauli_z_attack,61,599213967,1024,0,X,depolarizing,0.3,pauli_z,0.59375,0.416521,0.32,0.002988,ATTACK,True,True,1,0,0,0
2026-09-17T19:45:08,pauli_z_attack,62,1827703184,1024,0,X,depolarizing,0.3,pauli_z,0.602539,0.427974,0.32,0.020657,ATTACK,True,True,1,0,0,0
2026-09-17T19:45:08,pauli_z_attack,63,534093200,1024,0,X,depolarizing,0.3,pauli_z,0.561523,0.39743,0.32,0.014545,ATTACK,True,True,1,0,0,0
2026-09-17T19:45:08,pauli_z_attack,64,1927438739,1024,0,X,depolarizing,0.3,pauli_z,0.580078,0.412575,0.32,0.021735,ATTACK,True,True,1,0,0,0
2026-09-17T19:45:08,pauli_z_attack,65,1710963605,1024,0,X,depolarizing,0.3,pauli_z,0.619141,0.440085,0.32,0.022288,ATTACK,True,True,1,0,0,0
2026-09-17T19:45:09,pauli_z_attack,66,53054872,1024,0,X,depolarizing,0.3,pauli_z,0.591797,0.417593,0.32,0.011117,ATTACK,True,True,1,0,0,0
2026-09-17T19:45:09,pauli_z_attack,67,1188251037,1024,0,X,depolarizing,0.3,pauli_z,0.608398,0.432084,0.32,0.020685,ATTACK,True,True,1,0,0,0
2026-09-17T19:45:09,pauli_z_attack,68,891360670,1024,0,X,depolarizing,0.3,pauli_z,0.613281,0.431304,0.32,0.006692,ATTACK,True,True,1,0,0,0
2026-09-17T19:45:09,pauli_z_attack,69,821019038,1024,0,X,depolarizing,0.3,pauli_z,0.599609,0.424991,0.32,0.017549,ATTACK,True,True,1,0,0,0
2026-09-17T19:45:09,pauli_z_attack,70,436503969,1024,0,X,depolarizing,0.3,pauli_z,0.620117,0.437402,0.32,0.011068,ATTACK,True,True,1,0,0,0
2026-09-17T19:45:09,pauli_z_attack,71,2120516513,1024,0,X,depolarizing,0.3,pauli_z,0.569336,0.405005,0.32,0.021566,ATTACK,True,True,1,0,0,0
2026-09-17T19:45:09,pauli_z_attack,72,1216243625,1024,0,X,depolarizing,0.3,pauli_z,0.602539,0.426661,0.32,0.016278,ATTACK,True,True,1,0,0,0
2026-09-17T19:45:09,pauli_z_attack,73,1518282155,1024,0,X,depolarizing,0.3,pauli_z,0.607422,0.426632,0.32,0.004788,ATTACK,True,True,1,0,0,0
2026-09-17T19:45:09,pauli_z_attack,74,776364975,1024,0,X,depolarizing,0.3,pauli_z,0.606445,0.429088,0.32,0.015255,ATTACK,True,True,1,0,0,0
2026-09-17T19:45:09,pauli_z_attack,75,1634920879,1024,0,X,depolarizing,0.3,pauli_z,0.592773,0.421467,0.32,0.021754,ATTACK,True,True,1,0,0,0
2026-09-17T19:45:09,pauli_z_attack,76,96806321,1024,0,X,depolarizing,0.3,pauli_z,0.588867,0.415,0.32,0.00931,ATTACK,True,True,1,0,0,0
2026-09-17T19:45:09,pauli_z_attack,77,698296764,1024,0,X,depolarizing,0.3,pauli_z,0.591797,0.416073,0.32,0.006052,ATTACK,True,True,1,0,0,0
2026-09-17T19:45:09,pauli_z_attack,78,1383993276,1024,0,X,depolarizing,0.3,pauli_z,0.613281,0.432074,0.32,0.009258,ATTACK,True,True,1,0,0,0
2026-09-17T19:45:09,pauli_z_attack,79,969532865,1024,0,X,depolarizing,0.3,pauli_z,0.608398,0.428307,0.32,0.008096,ATTACK,True,True,1,0,0,0
2026-09-17T19:45:09,pauli_z_attack,80,232263624,1024,0,X,depolarizing,0.3,pauli_z,0.605469,0.425838,0.32,0.006698,ATTACK,True,True,1,0,0,0
2026-09-17T19:45:09,pauli_z_attack,81,1982701513,1024,0,X,depolarizing,0.3,pauli_z,0.605469,0.427994,0.32,0.013886,ATTACK,True,True,1,0,0,0
2026-09-17T19:45:09,pauli_z_attack,82,460463050,1024,0,X,depolarizing,0.3,pauli_z,0.603516,0.426248,0.32,0.012623,ATTACK,True,True,1,0,0,0
2026-09-17T19:45:09,pauli_z_attack,83,1532251600,1024,0,X,depolarizing,0.3,pauli_z,0.610352,0.433696,0.32,0.0215,ATTACK,True,True,1,0,0,0
2026-09-17T19:45:09,pauli_z_attack,84,1406342097,1024,0,X,depolarizing,0.3,pauli_z,0.617188,0.436435,0.32,0.014678,ATTACK,True,True,1,0,0,0
2026-09-17T19:45:09,pauli_z_attack,85,1738825169,1024,0,X,depolarizing,0.3,pauli_z,0.612305,0.42987,0.32,0.00419,ATTACK,True,True,1,0,0,0
2026-09-17T19:45:09,pauli_z_attack,86,2097561041,1024,0,X,depolarizing,0.3,pauli_z,0.625977,0.443238,0.32,0.016848,ATTACK,True,True,1,0,0,0
2026-09-17T19:45:09,pauli_z_attack,87,1239462358,1024,0,X,depolarizing,0.3,pauli_z,0.608398,0.428436,0.32,0.008526,ATTACK,True,True,1,0,0,0
2026-09-17T19:45:09,pauli_z_attack,88,281768921,1024,0,X,depolarizing,0.3,pauli_z,0.595703,0.422199,0.32,0.017356,ATTACK,True,True,1,0,0,0
2026-09-17T19:45:09,pauli_z_attack,89,1000942043,1024,0,X,depolarizing,0.3,pauli_z,0.586914,0.41542,0.32,0.015267,ATTACK,True,True,1,0,0,0
2026-09-17T19:45:09,pauli_z_attack,90,818983903,1024,0,X,depolarizing,0.3,pauli_z,0.589844,0.41668,0.32,0.012632,ATTACK,True,True,1,0,0,0
2026-09-17T19:45:09,pauli_z_attack,91,308783071,1024,0,X,depolarizing,0.3,pauli_z,0.570312,0.402821,0.32,0.012007,ATTACK,True,True,1,0,0,0
2026-09-17T19:45:09,pauli_z_attack,92,430149089,1024,0,X,depolarizing,0.3,pauli_z,0.624023,0.440726,0.32,0.013033,ATTACK,True,True,1,0,0,0
2026-09-17T19:45:09,pauli_z_attack,93,507578342,1024,0,X,depolarizing,0.3,pauli_z,0.623047,0.43972,0.32,0.011958,ATTACK,True,True,1,0,0,0
2026-09-17T19:45:09,pauli_z_attack,94,1461962727,1024,0,X,depolarizing,0.3,pauli_z,0.588867,0.413654,0.32,0.004825,ATTACK,True,True,1,0,0,0
2026-09-17T19:45:09,pauli_z_attack,95,1358483432,1024,0,X,depolarizing,0.3,pauli_z,0.617188,0.434427,0.32,0.007986,ATTACK,True,True,1,0,0,0
2026-09-17T19:45:10,pauli_z_attack,96,1207612401,1024,0,X,depolarizing,0.3,pauli_z,0.605469,0.426645,0.32,0.009389,ATTACK,True,True,1,0,0,0
2026-09-17T19:45:10,pauli_z_attack,97,433340405,1024,0,X,depolarizing,0.3,pauli_z,0.597656,0.420372,0.32,0.006711,ATTACK,True,True,1,0,0,0
2026-09-17T19:45:10,pauli_z_attack,98,219987961,1024,0,X,depolarizing,0.3,pauli_z,0.609375,0.431365,0.32,0.016008,ATTACK,True,True,1,0,0,0
2026-09-17T19:45:10,pauli_z_attack,99,1324269051,1024,0,X,depolarizing,0.3,pauli_z,0.618164,0.437212,0.32,0.014991,ATTACK,True,True,1,0,0,0
2026-09-17T19:45:10,pauli_z_attack,100,307069439,1024,0,X,depolarizing,0.3,pauli_z,0.583008,0.411857,0.32,0.012505,ATTACK,True,True,1,0,0,0
