scenario,noise_type,noise_probability,attack_type,true_label,mean_mismatch,Fixed_threshold,Fixed_rejection_rate,Statistical_threshold,Statistical_rejection_rate,Percentile_threshold,Percentile_rejection_rate,Blind_Adaptive_threshold,Blind_Adaptive_rejection_rate
bit_flip_noise_0.00,bit_flip,0.0,none,0,0.0,0.25999999999999995,0.0,0.24502812328319473,0.0,0.21554366666666663,0.0,0.25999999999999995,0.0
bit_flip_noise_0.05,bit_flip,0.05,none,0,0.10063478333333334,0.25999999999999995,0.0,0.24502812328319473,0.0,0.21554366666666663,0.0,0.3405078266666667,0.0
bit_flip_noise_0.10,bit_flip,0.1,none,0,0.18241373333333336,0.25999999999999995,0.0,0.24502812328319473,0.0,0.21554366666666663,0.0,0.4059309866666667,0.0
bit_flip_noise_0.15,bit_flip,0.15,none,0,0.25147293333333337,0.25999999999999995,0.0,0.24502812328319473,0.8,0.21554366666666663,1.0,0.4586262933333334,0.0
bit_flip_noise_0.20,bit_flip,0.2,none,0,0.30557457499999996,0.25999999999999995,1.0,0.24502812328319473,1.0,0.21554366666666663,1.0,0.46000000000000013,0.0
phase_flip_noise_0.00,phase_flip,0.0,none,0,0.0,0.25999999999999995,0.0,0.24502812328319473,0.0,0.21554366666666663,0.0,0.25999999999999995,0.0
phase_flip_noise_0.05,phase_flip,0.05,none,0,0.07625326666666665,0.25999999999999995,0.0,0.24502812328319473,0.0,0.21554366666666663,0.0,0.32100261333333335,0.0
phase_flip_noise_0.10,phase_flip,0.1,none,0,0.14204099166666664,0.25999999999999995,0.0,0.24502812328319473,0.0,0.21554366666666663,0.0,0.3736327933333333,0.0
phase_flip_noise_0.15,phase_flip,0.15,none,0,0.19458010833333336,0.25999999999999995,0.0,0.24502812328319473,0.0,0.21554366666666663,0.0,0.41566408666666677,0.0
phase_flip_noise_0.20,phase_flip,0.2,none,0,0.23762204999999997,0.25999999999999995,0.0,0.24502812328319473,0.05,0.21554366666666663,1.0,0.45009763999999997,0.0
bit_phase_flip_noise_0.00,bit_phase_flip,0.0,none,0,0.0,0.25999999999999995,0.0,0.24502812328319473,0.0,0.21554366666666663,0.0,0.25999999999999995,0.0
bit_phase_flip_noise_0.05,bit_phase_flip,0.05,none,0,0.14692388333333334,0.25999999999999995,0.0,0.24502812328319473,0.0,0.21554366666666663,0.0,0.3775391066666667,0.0
bit_phase_flip_noise_0.10,bit_phase_flip,0.1,none,0,0.24761557499999998,0.25999999999999995,0.0,0.24502812328319473,0.75,0.21554366666666663,1.0,0.4574283866666667,0.0
bit_phase_flip_noise_0.15,bit_phase_flip,0.15,none,0,0.31599119166666667,0.25999999999999995,1.0,0.24502812328319473,1.0,0.21554366666666663,1.0,0.46000000000000013,0.0
bit_phase_flip_noise_0.20,bit_phase_flip,0.2,none,0,0.36336262500000005,0.25999999999999995,1.0,0.24502812328319473,1.0,0.21554366666666663,1.0,0.46000000000000013,0.0
depolarizing_noise_0.00,depolarizing,0.0,none,0,0.0,0.25999999999999995,0.0,0.24502812328319473,0.0,0.21554366666666663,0.0,0.25999999999999995,0.0
depolarizing_noise_0.05,depolarizing,0.05,none,0,0.08975420833333334,0.25999999999999995,0.0,0.24502812328319473,0.0,0.21554366666666663,0.0,0.33180336666666665,0.0
depolarizing_noise_0.10,depolarizing,0.1,none,0,0.16271970833333332,0.25999999999999995,0.0,0.24502812328319473,0.0,0.21554366666666663,0.0,0.3901757666666667,0.0
depolarizing_noise_0.15,depolarizing,0.15,none,0,0.21918941666666666,0.25999999999999995,0.0,0.24502812328319473,0.0,0.21554366666666663,0.8,0.4353515333333333,0.0
depolarizing_noise_0.20,depolarizing,0.2,none,0,0.2625,0.25999999999999995,0.7,0.24502812328319473,1.0,0.21554366666666663,1.0,0.46000000000000013,0.0
readout_noise_0.00,readout,0.0,none,0,0.0,0.25999999999999995,0.0,0.24502812328319473,0.0,0.21554366666666663,0.0,0.25999999999999995,0.0
readout_noise_0.05,readout,0.05,none,0,0.10747065833333333,0.25999999999999995,0.0,0.24502812328319473,0.0,0.21554366666666663,0.0,0.3459765266666667,0.0
readout_noise_0.10,readout,0.1,none,0,0.20158692500000003,0.25999999999999995,0.0,0.24502812328319473,0.0,0.21554366666666663,0.0,0.42126954000000005,0.0
readout_noise_0.15,readout,0.15,none,0,0.27818193333333335,0.25999999999999995,1.0,0.24502812328319473,1.0,0.21554366666666663,1.0,0.46000000000000013,0.0
readout_noise_0.20,readout,0.2,none,0,0.3437012,0.25999999999999995,1.0,0.24502812328319473,1.0,0.21554366666666663,1.0,0.46000000000000013,0.0
bit_flip_pauli_x,bit_flip,0.1,pauli_x,1,0.5816731416666666,0.25999999999999995,1.0,0.24502812328319473,1.0,0.21554366666666663,1.0,0.46000000000000013,1.0
bit_flip_pauli_y,bit_flip,0.1,pauli_y,1,0.643945325,0.25999999999999995,1.0,0.24502812328319473,1.0,0.21554366666666663,1.0,0.46000000000000013,1.0
bit_flip_pauli_z,bit_flip,0.1,pauli_z,1,0.547054025,0.25999999999999995,1.0,0.24502812328319473,1.0,0.21554366666666663,1.0,0.46000000000000013,1.0
bit_flip_entanglement_disruption,bit_flip,0.1,entanglement_disruption,1,0.4454345583333333,0.25999999999999995,1.0,0.24502812328319473,1.0,0.21554366666666663,1.0,0.46000000000000013,0.0
phase_flip_pauli_x,phase_flip,0.1,pauli_x,1,0.6657470499999999,0.25999999999999995,1.0,0.24502812328319473,1.0,0.21554366666666663,1.0,0.46000000000000013,1.0
phase_flip_pauli_y,phase_flip,0.1,pauli_y,1,0.66614585,0.25999999999999995,1.0,0.24502812328319473,1.0,0.21554366666666663,1.0,0.46000000000000013,1.0
phase_flip_pauli_z,phase_flip,0.1,pauli_z,1,0.5257243083333333,0.25999999999999995,1.0,0.24502812328319473,1.0,0.21554366666666663,1.0,0.46000000000000013,1.0
phase_flip_entanglement_disruption,phase_flip,0.1,entanglement_disruption,1,0.43770344166666664,0.25999999999999995,1.0,0.24502812328319473,1.0,0.21554366666666663,1.0,0.46000000000000013,0.0
bit_phase_flip_pauli_x,bit_phase_flip,0.1,pauli_x,1,0.6248860833333334,0.25999999999999995,1.0,0.24502812328319473,1.0,0.21554366666666663,1.0,0.46000000000000013,1.0
bit_phase_flip_pauli_y,bit_phase_flip,0.1,pauli_y,1,0.6291422416666668,0.25999999999999995,1.0,0.24502812328319473,1.0,0.21554366666666663,1.0,0.46000000000000013,1.0
bit_phase_flip_pauli_z,bit_phase_flip,0.1,pauli_z,1,0.4807210583333334,0.25999999999999995,1.0,0.24502812328319473,1.0,0.21554366666666663,1.0,0.46000000000000013,1.0
bit_phase_flip_entanglement_disruption,bit_phase_flip,0.1,entanglement_disruption,1,0.4376790833333334,0.25999999999999995,1.0,0.24502812328319473,1.0,0.21554366666666663,1.0,0.46000000000000013,0.0
depolarizing_pauli_x,depolarizing,0.1,pauli_x,1,0.62706705,0.25999999999999995,1.0,0.24502812328319473,1.0,0.21554366666666663,1.0,0.46000000000000013,1.0
depolarizing_pauli_y,depolarizing,0.1,pauli_y,1,0.6613688,0.25999999999999995,1.0,0.24502812328319473,1.0,0.21554366666666663,1.0,0.46000000000000013,1.0
depolarizing_pauli_z,depolarizing,0.1,pauli_z,1,0.536295525,0.25999999999999995,1.0,0.24502812328319473,1.0,0.21554366666666663,1.0,0.46000000000000013,1.0
depolarizing_entanglement_disruption,depolarizing,0.1,entanglement_disruption,1,0.42539064166666674,0.25999999999999995,1.0,0.24502812328319473,1.0,0.21554366666666663,1.0,0.46000000000000013,0.0
readout_pauli_x,readout,0.1,pauli_x,1,0.5843750416666667,0.25999999999999995,1.0,0.24502812328319473,1.0,0.21554366666666663,1.0,0.46000000000000013,1.0
readout_pauli_y,readout,0.1,pauli_y,1,0.6274983666666667,0.25999999999999995,1.0,0.24502812328319473,1.0,0.21554366666666663,1.0,0.46000000000000013,1.0
readout_pauli_z,readout,0.1,pauli_z,1,0.5828206583333333,0.25999999999999995,1.0,0.24502812328319473,1.0,0.21554366666666663,1.0,0.46000000000000013,1.0
readout_entanglement_disruption,readout,0.1,entanglement_disruption,1,0.41434731666666674,0.25999999999999995,1.0,0.24502812328319473,1.0,0.21554366666666663,1.0,0.46000000000000013,0.0
